doc_id,topic_index,score
0,5,0.633975
1,6,0.516635
2,8,0.791047
3,8,0.930748
4,0,0.965376
5,1,0.89997
6,2,0.543139
7,3,0.699958
8,2,0.77494
9,1,0.819943
10,5,0.552347
11,0,0.1
12,3,0.849964
13,1,0.699924
14,8,0.924985
15,8,0.595534
16,8,0.751651
17,8,0.930754
18,5,0.77497
19,7,0.540058
20,9,0.887475
21,8,0.918166
22,8,0.939987
23,8,0.947049
24,5,0.699915
25,7,0.699965
26,1,0.444401
27,4,0.549966
28,3,0.887476
29,5,0.481827
30,0,0.49338
31,3,0.699944
32,6,0.860353
33,9,0.667174
34,7,0.703304
35,7,0.84997
36,8,0.849967
37,8,0.924977
38,1,0.549943
39,2,0.774945
40,7,0.871395
41,7,0.871394
42,0,0.1
43,8,0.549948
44,7,0.699953
45,9,0.47478
46,8,0.461475
47,6,0.855071
48,5,0.842189
49,6,0.91816
50,0,0.77494
51,1,0.819962
52,5,0.943736
53,6,0.84997
54,8,0.84997
55,7,0.496994
56,7,0.930756
57,0,0.699929
58,7,0.887471
59,4,0.69996
60,1,0.490835
61,3,0.699921
62,3,0.699973
63,7,0.819973
64,1,0.504551
65,5,0.581807
66,1,0.699935
67,4,0.378539
68,0,0.549935
69,4,0.930747
70,4,0.394731
71,4,0.695523
72,1,0.92498
73,9,0.93075
74,9,0.52447
75,0,0.699957
76,4,0.431679
77,4,0.909979
78,7,0.427197
79,7,0.887483
80,3,0.774954
81,8,0.489741
82,0,0.84995
83,5,0.899985
84,5,0.682702
85,0,0.947045
86,1,0.467938
87,2,0.887427
88,0,0.1
89,0,0.918162
90,2,0.849958
91,9,0.583718
92,3,0.849967
93,5,0.538982
94,2,0.947043
95,4,0.819971
96,6,0.409908
97,2,0.783777
98,3,0.549873
99,9,0.87139
100,3,0.909979
101,9,0.774972
102,7,0.700343
103,7,0.849963
104,4,0.549966
105,5,0.93075
106,6,0.819948
107,6,0.774948
108,6,0.819955
109,6,0.699959
110,7,0.549889
111,3,0.774969
112,3,0.918162
113,9,0.819967
114,6,0.549971
115,9,0.849969
116,3,0.774957
117,4,0.774969
118,0,0.699937
119,7,0.389397
120,8,0.899981
121,9,0.871396
122,8,0.819968
123,8,0.871398
124,8,0.608953
125,4,0.511966
126,0,0.899959
127,3,0.592149
128,6,0.849971
129,8,0.769835
130,9,0.909968
131,6,0.699938
132,1,0.819958
133,5,0.849962
134,4,0.930751
135,1,0.549952
136,5,0.770136
137,4,0.62283
138,7,0.822887
139,4,0.595358
140,4,0.939986
141,4,0.949986
142,4,0.607075
143,3,0.435376
144,2,0.947041
145,3,0.81456
146,2,0.819952
147,0,0.545685
148,1,0.871396
149,0,0.535993
150,0,0.599921
151,7,0.552559
152,6,0.549972
153,3,0.81997
154,7,0.774975
155,0,0.1
156,6,0.69995
157,0,0.740808
158,2,0.654698
159,9,0.899976
160,9,0.771083
161,9,0.924978
162,6,0.871399
163,0,0.871399
164,9,0.667732
165,8,0.543671
166,6,0.930749
167,6,0.967847
168,6,0.819945
169,1,0.443535
170,1,0.480159
171,4,0.337328
172,0,0.774939
173,4,0.665884
174,0,0.636382
175,6,0.849955
176,9,0.930749
177,0,0.819932
178,0,0.819962
179,9,0.736899
180,0,0.699951
181,3,0.849972
182,2,0.699972
183,3,0.899979
184,3,0.774938
185,0,0.665426
186,1,0.849456
187,1,0.499823
188,8,0.549927
189,7,0.943262
190,0,0.1
191,0,0.1
192,7,0.819973
193,8,0.935699
194,8,0.774938
195,3,0.499722
196,3,0.774955
197,1,0.549952
198,0,0.1
199,5,0.513647
200,2,0.701608
201,3,0.549975
202,0,0.849948
203,7,0.887469
204,0,0.592321
205,1,0.484824
206,5,0.899973
207,1,0.774949
208,0,0.947048
209,8,0.602529
210,7,0.819968
211,2,0.528208
212,8,0.774962
213,0,0.554928
214,4,0.699909
215,3,0.699921
216,2,0.699936
217,6,0.819957
218,9,0.774949
219,7,0.549925
220,7,0.849958
221,9,0.699941
222,0,0.1
223,3,0.699956
224,8,0.719209
225,8,0.587768
226,4,0.774935
227,6,0.60837
228,6,0.699939
229,3,0.470722
230,1,0.69994
231,6,0.774947
232,1,0.58988
233,4,0.729826
234,4,0.555468
235,6,0.930751
236,4,0.849976
237,4,0.769069
238,6,0.69993
239,9,0.387484
240,1,0.512424
241,7,0.42861
242,9,0.967849
243,4,0.871393
244,0,0.1
245,8,0.699969
246,8,0.496357
247,1,0.947043
248,1,0.909983
249,1,0.699945
250,7,0.947042
251,4,0.849953
252,4,0.549899
253,9,0.849951
254,2,0.819941
255,5,0.534576
256,7,0.549977
257,9,0.849959
258,3,0.580581
259,5,0.699934
260,7,0.619399
261,5,0.364092
262,3,0.699962
263,1,0.754512
264,6,0.521315
265,3,0.771348
266,3,0.699917
267,8,0.6029
268,7,0.871403
269,0,0.1
270,3,0.819958
271,6,0.774949
272,3,0.819966
273,3,0.549966
274,0,0.489768
275,6,0.468943
276,0,0.1
277,7,0.699959
278,5,0.849966
279,7,0.544348
280,7,0.699962
281,8,0.871398
282,4,0.549966
283,0,0.971869
284,2,0.699951
285,9,0.549943
286,6,0.469848
287,6,0.603289
288,3,0.819958
289,1,0.819958
290,3,0.54999
291,4,0.549965
292,4,0.51102
293,1,0.930753
294,3,0.713478
295,1,0.864831
296,3,0.924973
297,6,0.506886
298,1,0.819955
299,1,0.930751
300,8,0.545163
301,8,0.90998
302,5,0.643592
303,2,0.88747
304,7,0.849966
305,5,0.774978
306,4,0.735717
307,1,0.549988
308,3,0.699917
309,0,0.1
310,0,0.774937
311,2,0.774972
312,8,0.54989
313,6,0.549959
314,4,0.67156
315,9,0.88748
316,0,0.1
317,6,0.549955
318,2,0.871394
319,2,0.871406
320,3,0.717009
321,0,0.1
322,8,0.924976
323,2,0.774946
324,0,0.549985
325,8,0.361634
326,1,0.9357
327,6,0.709479
328,1,0.526134
329,8,0.774942
330,0,0.580027
331,0,0.1
332,6,0.69991
333,4,0.509324
334,6,0.524507
335,5,0.887469
336,3,0.957132
337,3,0.909972
338,3,0.524562
339,3,0.699979
340,7,0.422173
341,3,0.943739
342,9,0.899963
343,3,0.88747
344,3,0.781046
345,5,0.377499
346,0,0.1
347,0,0.1
348,0,0.1
349,8,0.536457
350,0,0.1
351,5,0.849968
352,5,0.353625
353,7,0.480363
354,9,0.597515
355,4,0.516413
356,9,0.819962
357,3,0.421134
358,5,0.55199
359,8,0.553109
360,0,0.770248
361,8,0.667624
362,0,0.549884
363,4,0.849965
364,2,0.712218
365,7,0.58496
366,0,0.975669
367,0,0.710325
368,6,0.849962
369,0,0.488939
370,2,0.549993
371,0,0.871395
372,6,0.577286
373,6,0.699899
374,0,0.84997
375,0,0.522689
376,0,0.1
377,6,0.69992
378,3,0.40805
379,3,0.701356
380,1,0.924978
381,6,0.577229
382,6,0.549937
383,9,0.480876
384,1,0.849965
385,6,0.549937
386,1,0.97954
387,7,0.930754
388,0,0.819947
389,1,0.81996
390,7,0.598603
391,4,0.674783
392,0,0.621029
393,7,0.545686
394,8,0.549948
395,6,0.774919
396,1,0.899969
397,2,0.899978
398,9,0.947044
399,7,0.699918
400,8,0.69988
401,0,0.1
402,5,0.54997
403,8,0.872811
404,0,0.549986
405,7,0.580864
406,9,0.514974
407,0,0.581976
408,4,0.909972
409,8,0.924975
410,0,0.549979
411,7,0.918161
412,3,0.699962
413,3,0.699968
414,8,0.770135
415,2,0.899973
416,1,0.796812
417,2,0.774931
418,4,0.461457
419,7,0.819966
420,1,0.500822
421,4,0.81994
422,7,0.70643
423,4,0.518212
424,4,0.774962
425,7,0.562764
426,6,0.909976
427,1,0.506545
428,5,0.93075
429,5,0.871399
430,8,0.819953
431,7,0.699965
432,8,0.699938
433,0,0.774956
434,3,0.849954
435,7,0.453489
436,4,0.580602
437,9,0.696177
438,8,0.930753
439,5,0.479225
440,2,0.596951
441,2,0.849965
442,9,0.918156
443,8,0.909973
444,6,0.887475
445,6,0.661565
446,0,0.1
447,7,0.425351
448,5,0.47507
449,2,0.426384
450,8,0.871384
451,9,0.348736
452,4,0.538596
453,2,0.9357
454,2,0.960859
455,2,0.531181
456,8,0.313076
457,1,0.849975
458,4,0.84997
459,8,0.549926
460,5,0.584036
461,8,0.939979
462,0,0.1
463,8,0.819972
464,8,0.849977
465,3,0.774945
466,1,0.549952
467,3,0.503001
468,1,0.449879
469,4,0.526223
470,8,0.539302
471,0,0.1
472,9,0.887478
473,6,0.353779
474,9,0.433481
475,8,0.819978
476,1,0.949988
477,7,0.962489
478,3,0.819937
479,1,0.972718
480,6,0.549873
481,3,0.549976
482,4,0.612413
483,4,0.939983
484,3,0.918153
485,0,0.699953
486,2,0.648402
487,2,0.935698
488,7,0.456874
489,6,0.578483
490,8,0.819977
491,7,0.509452
492,3,0.84997
493,8,0.699942
494,3,0.930752
495,5,0.918161
496,5,0.807635
497,1,0.89997
498,8,0.6759
499,1,0.887475
500,4,0.395247
501,0,0.549979
502,4,0.679652
503,4,0.713269
504,0,0.717929
505,4,0.947045
506,3,0.699976
507,7,0.943741
508,0,0.1
509,3,0.549976
510,1,0.557292
511,8,0.819955
512,4,0.549966
513,5,0.871398
514,5,0.646711
515,3,0.849944
516,3,0.819985
517,8,0.549887
518,7,0.74823
519,5,0.632112
520,8,0.887477
521,6,0.930746
522,4,0.819952
523,1,0.549988
524,8,0.549854
525,4,0.54953
526,7,0.887475
527,8,0.491188
528,2,0.774946
529,5,0.699923
530,1,0.849962
531,9,0.549915
532,7,0.819964
533,7,0.699931
534,0,0.51089
535,9,0.517788
536,9,0.430542
537,9,0.522387
538,6,0.699968
539,0,0.34125
540,2,0.909976
541,9,0.729794
542,4,0.321271
543,2,0.774967
544,6,0.935695
545,0,0.1
546,5,0.909976
547,4,0.540568
548,6,0.803275
549,5,0.963991
550,2,0.887472
551,9,0.924977
552,6,0.528702
553,0,0.380558
554,4,0.699925
555,8,0.924985
556,2,0.909973
557,5,0.819967
558,0,0.552685
559,1,0.54994
560,9,0.918157
561,0,0.962489
562,1,0.617836
563,9,0.460883
564,3,0.699973
565,1,0.924979
566,6,0.619485
567,9,0.589874
568,9,0.887478
569,8,0.431492
570,8,0.431546
571,5,0.819964
572,1,0.699941
573,3,0.930753
574,9,0.930753
575,3,0.72638
576,5,0.849955
577,4,0.699933
578,3,0.344048
579,3,0.77497
580,7,0.477821
581,0,0.1
582,3,0.549854
583,2,0.549924
584,3,0.774952
585,3,0.54987
586,6,0.774945
587,2,0.871407
588,5,0.774943
589,1,0.730177
590,6,0.699943
591,1,0.887474
592,1,0.71436
593,0,0.1
594,2,0.774945
595,6,0.819956
596,9,0.871379
597,5,0.509794
598,9,0.959081
599,2,0.819957
600,7,0.871404
601,0,0.549978
602,5,0.871391
603,7,0.64271
604,7,0.549977
605,9,0.699935
606,8,0.549967
607,5,0.54997
608,3,0.699961
609,5,0.699951
610,2,0.549985
611,0,0.77494
612,3,0.871405
613,3,0.51318
614,4,0.622538
615,6,0.325344
616,6,0.930751
617,2,0.67758
618,6,0.549954
619,2,0.774975
620,9,0.588085
621,6,0.819953
622,0,0.1
623,7,0.77497
624,3,0.849958
625,3,0.871395
626,7,0.437712
627,3,0.774984
628,3,0.774984
629,2,0.699915
630,5,0.512048
631,0,0.1
632,0,0.871388
633,7,0.845324
634,7,0.918169
635,3,0.819972
636,4,0.969992
637,7,0.95262
638,1,0.819962
639,1,0.909972
640,0,0.1
641,0,0.943734
642,0,0.918163
643,1,0.549915
644,0,0.1
645,4,0.699919
646,1,0.54991
647,8,0.699932
648,1,0.699943
649,1,0.549915
650,1,0.54992
651,3,0.66496
652,3,0.563837
653,3,0.750646
654,7,0.702713
655,7,0.90998
656,5,0.871388
657,5,0.918159
658,9,0.899974
659,1,0.774929
660,5,0.774957
661,4,0.819931
662,4,0.849962
663,6,0.56848
664,8,0.819927
665,3,0.633241
666,6,0.93075
667,4,0.962489
668,0,0.485852
669,4,0.88748
670,3,0.774954
671,7,0.554754
672,0,0.90997
673,3,0.819946
674,4,0.549879
675,4,0.476498
676,7,0.92498
677,0,0.849954
678,4,0.434434
679,5,0.567126
680,1,0.699932
681,8,0.954981
682,8,0.479291
683,4,0.426398
684,7,0.957132
685,8,0.407091
686,8,0.849961
687,8,0.549936
688,8,0.473461
689,8,0.549947
690,6,0.489131
691,3,0.699924
692,6,0.740508
693,8,0.583114
694,9,0.488686
695,7,0.582001
696,8,0.699931
697,4,0.610364
698,7,0.887466
699,4,0.774949
700,3,0.774954
701,8,0.939983
702,0,0.678613
703,6,0.871395
704,0,0.887476
705,1,0.774945
706,0,0.1
707,7,0.610352
708,8,0.909973
709,5,0.909977
710,2,0.899968
711,9,0.930753
712,3,0.91816
713,3,0.699898
714,9,0.849972
715,4,0.871403
716,0,0.1
717,0,0.1
718,2,0.518677
719,2,0.626343
720,2,0.705078
721,2,0.819961
722,4,0.549966
723,5,0.954989
724,7,0.468036
725,7,0.69226
726,7,0.77268
727,1,0.491839
728,3,0.871405
729,5,0.93075
730,6,0.699934
731,5,0.699974
732,8,0.650451
733,6,0.834814
734,2,0.918159
735,7,0.699965
736,6,0.416529
737,4,0.871388
738,2,0.549848
739,5,0.549991
740,0,0.1
741,5,0.483592
742,2,0.699972
743,3,0.611337
744,6,0.441315
745,2,0.849968
746,0,0.924977
747,4,0.551046
748,6,0.884812
749,4,0.899974
750,5,0.939988
751,2,0.632398
752,5,0.827479
753,4,0.586228
754,5,0.912
755,4,0.549965
756,6,0.939981
757,0,0.699963
758,3,0.69999
759,7,0.899972
760,5,0.819968
761,7,0.774963
762,7,0.738113
763,7,0.445166
764,9,0.549836
765,7,0.57373
766,5,0.89998
767,4,0.731188
768,4,0.549922
769,4,0.549921
770,5,0.578093
771,8,0.699915
772,3,0.549939
773,3,0.549938
774,3,0.399481
775,5,0.939985
776,8,0.644407
777,4,0.943735
778,2,0.491389
779,9,0.699528
780,7,0.887468
781,5,0.677557
782,2,0.544679
783,0,0.918163
784,7,0.887473
785,6,0.866717
786,9,0.871394
787,2,0.667004
788,6,0.509083
789,6,0.924973
790,6,0.678114
791,9,0.607375
792,9,0.899972
793,8,0.637025
794,3,0.774962
795,2,0.89997
796,5,0.879478
797,4,0.49714
798,5,0.549968
799,3,0.699964
800,0,0.887481
801,5,0.930749
802,8,0.774697
803,9,0.473762
804,3,0.899975
805,8,0.492424
806,5,0.899983
807,8,0.899974
808,3,0.871397
809,9,0.699962
810,8,0.819969
811,9,0.634543
812,8,0.569672
813,8,0.924979
814,5,0.599478
815,6,0.47801
816,2,0.774923
817,6,0.699965
818,1,0.687872
819,8,0.777159
820,5,0.819958
821,4,0.549966
822,7,0.699983
823,0,0.1
824,1,0.699904
825,4,0.849965
826,5,0.607585
827,7,0.699933
828,1,0.887464
829,0,0.1
830,7,0.774949
831,7,0.871397
832,3,0.699891
833,3,0.549976
834,3,0.549976
835,0,0.1
836,0,0.1
837,0,0.1
838,9,0.699924
839,9,0.463326
840,1,0.549939
841,2,0.871392
842,2,0.549975
843,1,0.939984
844,8,0.766936
845,1,0.369532
846,7,0.549999
847,1,0.962488
848,7,0.53891
849,7,0.849979
850,0,0.611574
851,0,0.871026
852,1,0.819958
853,8,0.903794
854,2,0.871394
855,0,0.619258
856,8,0.957132
857,8,0.887477
858,5,0.699963
859,7,0.849964
860,5,0.613863
861,0,0.849964
862,7,0.465864
863,7,0.655708
864,1,0.774924
865,5,0.589361
866,8,0.871391
867,4,0.899978
868,3,0.699906
869,3,0.887467
870,3,0.887467
871,5,0.849968
872,4,0.774971
873,8,0.849966
874,5,0.819948
875,5,0.661723
876,2,0.549993
877,0,0.918157
878,9,0.774946
879,4,0.549967
880,3,0.699921
881,3,0.567951
882,4,0.610743
883,0,0.699931
884,4,0.952618
885,2,0.918161
886,1,0.871403
887,0,0.1
888,1,0.909975
889,9,0.462066
890,1,0.939983
891,7,0.957132
892,7,0.572384
893,4,0.871397
894,6,0.636425
895,7,0.93075
896,1,0.675232
897,7,0.887469
898,4,0.63397
899,8,0.560271
900,0,0.1
901,0,0.699928
902,6,0.77495
903,1,0.849963
904,4,0.717287
905,7,0.776135
906,4,0.493978
907,6,0.849955
908,4,0.549966
909,0,0.871403
910,0,0.498473
911,8,0.699912
912,9,0.918164
913,6,0.54993
914,5,0.630216
915,5,0.930753
916,8,0.943735
917,4,0.87139
918,4,0.662964
919,5,0.81996
920,7,0.500442
921,3,0.909975
922,2,0.774951
923,8,0.887466
924,7,0.887481
925,5,0.969994
926,5,0.849962
927,4,0.849958
928,0,0.735764
929,4,0.88747
930,5,0.666333
931,4,0.549966
932,4,0.549966
933,9,0.774968
934,9,0.899975
935,9,0.401044
936,6,0.943731
937,3,0.552332
938,3,0.590631
939,0,0.382428
940,3,0.473392
941,3,0.80619
942,4,0.819972
943,6,0.471639
944,8,0.699978
945,2,0.549948
946,9,0.546203
947,9,0.410553
948,3,0.549976
949,5,0.935699
950,4,0.819964
951,0,0.1
952,9,0.783659
953,5,0.960861
954,5,0.939982
955,8,0.540747
956,3,0.899972
957,7,0.93075
958,0,0.549985
959,4,0.918157
960,1,0.849972
961,7,0.774942
962,0,0.1
963,8,0.819959
964,8,0.532132
965,3,0.699963
966,4,0.887473
967,0,0.549884
968,4,0.774951
969,1,0.727949
970,6,0.887473
971,5,0.738968
972,1,0.87139
973,8,0.899964
974,7,0.604342
975,8,0.635811
976,3,0.774931
977,0,0.549991
978,3,0.849968
979,4,0.740406
980,7,0.579167
981,1,0.952618
982,0,0.470102
983,8,0.930745
984,2,0.607956
985,2,0.438467
986,1,0.700138
987,9,0.94373
988,0,0.597584
989,1,0.949986
990,2,0.470153
991,5,0.909973
992,4,0.776613
993,5,0.918158
994,8,0.909969
995,5,0.474098
996,8,0.77492
997,7,0.899973
998,0,0.607479
999,4,0.849958
1000,1,0.634237
1001,5,0.832928
1002,5,0.909973
1003,4,0.549976
1004,8,0.514315
1005,6,0.930755
1006,7,0.455511
1007,7,0.954987
1008,7,0.849959
1009,0,0.1
1010,7,0.871374
1011,2,0.871398
1012,0,0.1
1013,0,0.918157
1014,7,0.887475
1015,5,0.562293
1016,4,0.871397
1017,2,0.899981
1018,5,0.774938
1019,4,0.849954
1020,5,0.887475
1021,3,0.947041
1022,7,0.871401
1023,6,0.819966
1024,7,0.887474
1025,7,0.564842
1026,6,0.819964
1027,0,0.1
1028,4,0.90285
1029,4,0.597474
1030,4,0.680281
1031,4,0.871401
1032,9,0.918165
1033,4,0.887477
1034,4,0.529797
1035,4,0.909981
1036,8,0.849965
1037,7,0.678724
1038,5,0.924983
1039,5,0.899973
1040,4,0.78635
1041,9,0.725545
1042,7,0.909971
1043,7,0.581689
1044,5,0.558626
1045,5,0.39913
1046,7,0.849964
1047,5,0.67903
1048,4,0.3974
1049,1,0.699958
1050,0,0.448911
1051,9,0.819955
1052,4,0.569492
1053,7,0.518402
1054,8,0.871396
1055,8,0.774963
1056,3,0.62997
1057,8,0.909977
1058,7,0.699954
1059,8,0.502168
1060,0,0.1
1061,0,0.1
1062,4,0.645821
1063,5,0.872969
1064,2,0.700269
1065,8,0.947043
1066,5,0.575236
1067,7,0.549992
1068,6,0.887476
1069,3,0.54994
1070,1,0.87139
1071,8,0.849968
1072,5,0.415732
1073,5,0.774959
1074,0,0.1
1075,1,0.841448
1076,5,0.455392
1077,3,0.577863
1078,5,0.677286
1079,4,0.774949
1080,1,0.653069
1081,5,0.871411
1082,5,0.699874
1083,2,0.534853
1084,8,0.646441
1085,7,0.581282
1086,8,0.69996
1087,9,0.81996
1088,5,0.665357
1089,3,0.966655
1090,5,0.340287
1091,8,0.570774
1092,8,0.391176
1093,8,0.402484
1094,8,0.631962
1095,8,0.427036
1096,1,0.776988
1097,8,0.286508
1098,5,0.295341
1099,0,0.899977
1100,5,0.331694
1101,8,0.569446
1102,8,0.587341
1103,8,0.918161
1104,8,0.95908
1105,4,0.560645
1106,4,0.950127
1107,9,0.7238
1108,3,0.774939
1109,9,0.849965
1110,1,0.486576
1111,8,0.662211
1112,1,0.814283
1113,4,0.522137
1114,5,0.604019
1115,5,0.63556
1116,3,0.88747
1117,9,0.899974
1118,3,0.508014
1119,0,0.939983
1120,3,0.909974
1121,5,0.507079
1122,8,0.793003
1123,4,0.524569
1124,4,0.53067
1125,7,0.918162
1126,1,0.849954
1127,8,0.887469
1128,9,0.849952
1129,4,0.710471
1130,0,0.774952
1131,7,0.696732
1132,1,0.699953
1133,4,0.592735
1134,3,0.549976
1135,3,0.549976
1136,1,0.774939
1137,4,0.690752
1138,8,0.849966
1139,6,0.549927
1140,7,0.744783
1141,1,0.918162
1142,7,0.549967
1143,4,0.849957
1144,8,0.558645
1145,7,0.909983
1146,5,0.899974
1147,9,0.849953
1148,5,0.527956
1149,3,0.935693
1150,1,0.93075
1151,8,0.930751
1152,2,0.496426
1153,6,0.699893
1154,5,0.549919
1155,5,0.699932
1156,5,0.887471
1157,1,0.699989
1158,5,0.549932
1159,7,0.699942
1160,2,0.871391
1161,3,0.887473
1162,4,0.549909
1163,0,0.1
1164,5,0.402523
1165,2,0.526118
1166,1,0.774975
1167,4,0.527204
1168,8,0.314962
1169,4,0.819951
1170,4,0.651398
1171,1,0.507125
1172,8,0.600341
1173,7,0.909968
1174,7,0.808291
1175,8,0.939988
1176,7,0.962489
1177,4,0.549928
1178,3,0.699928
1179,1,0.774937
1180,2,0.556033
1181,7,0.849963
1182,0,0.538741
1183,5,0.717272
1184,9,0.643329
1185,9,0.954986
1186,0,0.772836
1187,4,0.706239
1188,6,0.871398
1189,4,0.887476
1190,1,0.807205
1191,4,0.887472
1192,6,0.887472
1193,5,0.854273
1194,8,0.549921
1195,0,0.909974
1196,4,0.88747
1197,7,0.474554
1198,4,0.887472
1199,5,0.918154
1200,4,0.849959
1201,4,0.493163
1202,6,0.699917
1203,6,0.77495
1204,5,0.949987
1205,8,0.887476
1206,8,0.479655
1207,3,0.4863
1208,4,0.488839
1209,4,0.871406
1210,8,0.609396
1211,9,0.626874
1212,5,0.909966
1213,6,0.745696
1214,6,0.954989
1215,3,0.549976
1216,3,0.849963
1217,7,0.633501
1218,3,0.924974
1219,7,0.400405
1220,4,0.935697
1221,7,0.774938
1222,5,0.918162
1223,2,0.871391
1224,8,0.679183
1225,8,0.618154
1226,9,0.549927
1227,4,0.965374
1228,0,0.89997
1229,0,0.1
1230,0,0.1
1231,4,0.334764
1232,7,0.871403
1233,4,0.84996
1234,7,0.90998
1235,5,0.899979
1236,7,0.519437
1237,8,0.642636
1238,8,0.849965
1239,8,0.887472
1240,7,0.924985
1241,8,0.909982
1242,5,0.49038
1243,3,0.458043
1244,5,0.713085
1245,4,0.611493
1246,8,0.837791
1247,3,0.789814
1248,3,0.93075
1249,5,0.571008
1250,4,0.622225
1251,2,0.670323
1252,2,0.727006
1253,8,0.819965
1254,8,0.939986
1255,5,0.493642
1256,2,0.774963
1257,7,0.524886
1258,6,0.849944
1259,8,0.887477
1260,3,0.887471
1261,0,0.483142
1262,8,0.622662
1263,5,0.897485
1264,9,0.373619
1265,4,0.924983
1266,5,0.918163
1267,0,0.723899
1268,5,0.52678
1269,3,0.449688
1270,5,0.542603
1271,3,0.849974
1272,7,0.488095
1273,5,0.899979
1274,7,0.939985
1275,4,0.966657
1276,4,0.462034
1277,5,0.479027
1278,4,0.970959
1279,3,0.516826
1280,5,0.887471
1281,5,0.957132
1282,6,0.918167
1283,4,0.421309
1284,1,0.430533
1285,0,0.849959
1286,3,0.580174
1287,8,0.774978
1288,6,0.699932
1289,9,0.443496
1290,5,0.849967
1291,4,0.482263
1292,8,0.685781
1293,7,0.819958
1294,5,0.899979
1295,5,0.521803
1296,7,0.918162
1297,4,0.887479
1298,0,0.1
1299,7,0.918158
1300,1,0.774957
1301,4,0.699952
1302,5,0.654669
1303,1,0.774966
1304,4,0.774947
1305,5,0.930753
1306,5,0.688289
1307,4,0.549929
1308,0,0.899974
1309,5,0.686791
1310,7,0.774947
1311,9,0.871385
1312,8,0.521823
1313,3,0.918161
1314,0,0.1
1315,4,0.935695
1316,6,0.849974
1317,7,0.594344
1318,7,0.645302
1319,0,0.1
1320,4,0.8714
1321,7,0.774976
1322,8,0.774959
1323,3,0.849959
1324,3,0.699902
1325,0,0.1
1326,6,0.614971
1327,0,0.549935
1328,8,0.939986
1329,9,0.819955
1330,7,0.918159
1331,4,0.492394
1332,9,0.819958
1333,9,0.871398
1334,4,0.959078
1335,2,0.475886
1336,7,0.799967
1337,2,0.406615
1338,9,0.445537
1339,4,0.61496
1340,8,0.80203
1341,7,0.69998
1342,5,0.549968
1343,1,0.549963
1344,4,0.849972
1345,9,0.469472
1346,5,0.549968
1347,1,0.819968
1348,8,0.849968
1349,5,0.849971
1350,7,0.501226
1351,5,0.871363
1352,2,0.924981
1353,4,0.939984
1354,5,0.849964
1355,7,0.69993
1356,5,0.918159
1357,5,0.899972
1358,0,0.935694
1359,1,0.774963
1360,0,0.1
1361,3,0.549976
1362,5,0.60677
1363,6,0.823004
1364,3,0.503458
1365,6,0.819953
1366,9,0.819954
1367,2,0.819947
1368,4,0.909976
1369,6,0.699989
1370,6,0.499086
1371,5,0.92498
1372,8,0.434012
1373,8,0.930752
1374,4,0.635741
1375,6,0.417765
1376,5,0.629592
1377,8,0.84996
1378,3,0.699964
1379,2,0.466931
1380,8,0.849965
1381,4,0.924983
1382,7,0.849976
1383,1,0.774971
1384,7,0.918158
1385,2,0.871409
1386,7,0.582513
1387,9,0.819956
1388,3,0.443671
1389,0,0.671729
1390,3,0.549976
1391,8,0.82435
1392,8,0.609043
1393,1,0.918163
1394,6,0.918159
1395,5,0.887467
1396,7,0.564042
1397,9,0.849971
1398,1,0.899981
1399,6,0.68883
1400,6,0.909981
1401,5,0.887471
1402,1,0.699948
1403,6,0.592618
1404,5,0.924979
1405,8,0.849971
1406,0,0.819946
1407,8,0.549943
1408,6,0.82869
1409,0,0.53315
1410,6,0.918159
1411,6,0.930751
1412,0,0.871395
1413,5,0.699977
1414,6,0.774963
1415,6,0.578965
1416,8,0.562781
1417,4,0.8714
1418,2,0.440142
1419,7,0.819953
1420,6,0.871413
1421,9,0.952618
1422,9,0.51894
1423,0,0.512643
1424,7,0.661533
1425,4,0.434157
1426,8,0.949981
1427,2,0.540209
1428,2,0.490431
1429,7,0.590195
1430,7,0.505612
1431,8,0.713308
1432,7,0.765617
1433,5,0.924985
1434,4,0.804742
1435,9,0.774941
1436,4,0.595335
1437,0,0.1
1438,7,0.521515
1439,3,0.849957
1440,2,0.699942
1441,8,0.899984
1442,6,0.849972
1443,8,0.871404
1444,5,0.958231
1445,8,0.474718
1446,8,0.939985
1447,3,0.899979
1448,3,0.699959
1449,5,0.849969
1450,8,0.949988
1451,8,0.553499
1452,9,0.819959
1453,8,0.762683
1454,2,0.549928
1455,8,0.689003
1456,8,0.699978
1457,4,0.741649
1458,2,0.699938
1459,5,0.563631
1460,6,0.462051
1461,1,0.871394
1462,3,0.549976
1463,5,0.924981
1464,0,0.819943
1465,8,0.909977
1466,9,0.819949
1467,2,0.60353
1468,6,0.871406
1469,2,0.69996
1470,6,0.699971
1471,9,0.646781
1472,0,0.871409
1473,2,0.549987
1474,4,0.774962
1475,8,0.786837
1476,1,0.849962
1477,4,0.54988
1478,1,0.909976
1479,9,0.549943
1480,4,0.699921
1481,9,0.924982
1482,0,0.1
1483,7,0.485973
1484,8,0.54989
1485,3,0.549976
1486,7,0.871376
1487,0,0.1
1488,9,0.943735
1489,0,0.945703
1490,9,0.699953
1491,0,0.549987
1492,9,0.42687
1493,5,0.88747
1494,5,0.549885
1495,8,0.819957
1496,7,0.549956
1497,0,0.69991
1498,7,0.699948
1499,7,0.819961
1500,1,0.549963
1501,3,0.549976
1502,4,0.549892
1503,5,0.774915
1504,0,0.1
1505,7,0.384792
1506,0,0.1
1507,7,0.871398
1508,0,0.1
1509,2,0.549952
1510,8,0.849952
1511,8,0.849958
1512,5,0.417627
1513,4,0.699829
1514,0,0.774934
1515,0,0.1
1516,0,0.1
1517,2,0.84996
1518,0,0.1
1519,6,0.601062
1520,6,0.887478
1521,6,0.957134
1522,2,0.935699
1523,5,0.607754
1524,8,0.699937
1525,1,0.935691
1526,7,0.819969
1527,7,0.909983
1528,7,0.536281
1529,0,0.445175
1530,7,0.899976
1531,1,0.774942
1532,0,0.887469
1533,7,0.475022
1534,8,0.849956
1535,7,0.887476
1536,8,0.81995
1537,6,0.849962
1538,2,0.654407
1539,1,0.774954
1540,2,0.909979
1541,5,0.749928
1542,3,0.421786
1543,5,0.774951
1544,5,0.849962
1545,0,0.1
1546,5,0.549877
1547,4,0.96249
1548,2,0.849965
1549,5,0.624756
1550,5,0.593408
1551,5,0.61913
1552,6,0.924973
1553,8,0.546483
1554,3,0.84996
1555,7,0.37455
1556,5,0.47617
1557,4,0.525168
1558,1,0.567513
1559,5,0.780086
1560,7,0.909981
1561,0,0.699951
1562,8,0.774956
1563,0,0.819965
1564,7,0.887474
1565,7,0.871396
1566,7,0.537806
1567,7,0.871397
1568,5,0.774953
1569,4,0.400082
1570,4,0.849927
1571,1,0.499702
1572,6,0.849969
1573,8,0.887474
1574,8,0.871905
1575,5,0.930749
1576,7,0.871395
1577,9,0.88747
1578,9,0.677086
1579,2,0.699961
1580,8,0.918163
1581,1,0.549923
1582,2,0.699922
1583,5,0.699943
1584,2,0.819977
1585,7,0.610364
1586,7,0.503123
1587,1,0.693331
1588,4,0.756281
1589,1,0.819953
1590,4,0.44935
1591,2,0.598346
1592,6,0.92498
1593,5,0.918157
1594,8,0.464817
1595,6,0.899983
1596,4,0.549929
1597,9,0.69994
1598,9,0.871389
1599,8,0.918159
1600,9,0.464891
1601,9,0.549924
1602,3,0.549976
1603,6,0.549955
1604,0,0.826129
1605,6,0.871395
1606,0,0.887474
1607,6,0.819963
1608,6,0.899982
1609,4,0.77497
1610,6,0.725412
1611,5,0.849953
1612,6,0.899972
1613,4,0.819969
1614,4,0.380013
1615,4,0.774959
1616,7,0.909985
1617,8,0.549922
1618,5,0.939993
1619,7,0.698383
1620,6,0.624993
1621,4,0.774932
1622,5,0.909976
1623,2,0.478358
1624,2,0.887474
1625,4,0.649941
1626,1,0.661978
1627,6,0.899977
1628,6,0.699955
1629,4,0.684811
1630,5,0.616208
1631,5,0.549949
1632,7,0.774941
1633,1,0.450239
1634,3,0.819947
1635,5,0.699979
1636,7,0.421851
1637,8,0.699909
1638,7,0.729234
1639,0,0.699957
1640,2,0.887481
1641,8,0.819968
1642,8,0.909977
1643,1,0.549987
1644,7,0.849981
1645,7,0.849981
1646,7,0.774975
1647,0,0.1
1648,4,0.513141
1649,8,0.805169
1650,5,0.887465
1651,3,0.774952
1652,8,0.918161
1653,6,0.819958
1654,7,0.871399
1655,8,0.949985
1656,4,0.665283
1657,7,0.817556
1658,1,0.849969
1659,1,0.871399
1660,2,0.935699
1661,1,0.935698
1662,9,0.399718
1663,8,0.887475
1664,1,0.472639
1665,7,0.819943
1666,3,0.774947
1667,3,0.774943
1668,4,0.819955
1669,0,0.871403
1670,6,0.957768
1671,9,0.599583
1672,0,0.618034
1673,4,0.547331
1674,0,0.416741
1675,1,0.774933
1676,6,0.737668
1677,7,0.849968
1678,9,0.634153
1679,7,0.815038
1680,7,0.981995
1681,1,0.679886
1682,2,0.398541
1683,8,0.549957
1684,8,0.899972
1685,5,0.819958
1686,7,0.849977
1687,8,0.871407
1688,3,0.774949
1689,8,0.959081
1690,3,0.899973
1691,7,0.544384
1692,6,0.532178
1693,8,0.68651
1694,7,0.87141
1695,2,0.693806
1696,1,0.887473
1697,1,0.871403
1698,5,0.407417
1699,9,0.549934
1700,8,0.699929
1701,5,0.85017
1702,9,0.549933
1703,5,0.699947
1704,5,0.909971
1705,6,0.549954
1706,8,0.699932
1707,5,0.774895
1708,1,0.699955
1709,3,0.699917
1710,1,0.538147
1711,0,0.819968
1712,7,0.498317
1713,1,0.54994
1714,8,0.717825
1715,8,0.582055
1716,3,0.371164
1717,5,0.930753
1718,8,0.871398
1719,4,0.482185
1720,4,0.909971
1721,6,0.930754
1722,5,0.785573
1723,9,0.774932
1724,3,0.849962
1725,2,0.849963
1726,0,0.819943
1727,3,0.54999
1728,9,0.664061
1729,7,0.930749
1730,8,0.924977
1731,1,0.92498
1732,3,0.490845
1733,2,0.911539
1734,9,0.949988
1735,3,0.935696
1736,4,0.583725
1737,0,0.849975
1738,6,0.54995
1739,5,0.77494
1740,3,0.849384
1741,3,0.871404
1742,9,0.774931
1743,4,0.581922
1744,2,0.430291
1745,1,0.715674
1746,1,0.523999
1747,6,0.849981
1748,6,0.819955
1749,3,0.774934
1750,9,0.7003
1751,3,0.774971
1752,8,0.769827
1753,8,0.84997
1754,6,0.549979
1755,7,0.849966
1756,8,0.486659
1757,4,0.943733
1758,4,0.49495
1759,4,0.946916
1760,3,0.887471
1761,6,0.899964
1762,5,0.871399
1763,5,0.587051
1764,7,0.518877
1765,8,0.924985
1766,2,0.918153
1767,8,0.75289
1768,6,0.774925
1769,5,0.8714
1770,5,0.549959
1771,4,0.887474
1772,7,0.89997
1773,7,0.871384
1774,6,0.516212
1775,1,0.819954
1776,4,0.918155
1777,1,0.819962
1778,7,0.887477
1779,4,0.699959
1780,8,0.89997
1781,9,0.374696
1782,3,0.549976
1783,9,0.909976
1784,9,0.871383
1785,0,0.549944
1786,7,0.947046
1787,9,0.549982
1788,6,0.819954
1789,0,0.909974
1790,4,0.787895
1791,2,0.819956
1792,1,0.819965
1793,2,0.549851
1794,1,0.819956
1795,4,0.935699
1796,7,0.7638
1797,4,0.899978
1798,5,0.774954
1799,0,0.949987
1800,5,0.935697
1801,5,0.871395
1802,6,0.564999
1803,4,0.849969
1804,4,0.899975
1805,9,0.470234
1806,3,0.887479
1807,8,0.774929
1808,6,0.819966
1809,5,0.494897
1810,1,0.887472
1811,1,0.880446
1812,3,0.918163
1813,3,0.681637
1814,1,0.899976
1815,7,0.819966
1816,7,0.774948
1817,1,0.899971
1818,5,0.943736
1819,8,0.60115
1820,7,0.935701
1821,9,0.644835
1822,4,0.849949
1823,4,0.871396
1824,2,0.819946
1825,5,0.472066
1826,5,0.639508
1827,4,0.582164
1828,6,0.939985
1829,0,0.90998
1830,5,0.401896
1831,2,0.887474
1832,9,0.747849
1833,1,0.909972
1834,4,0.699941
1835,3,0.433918
1836,9,0.638292
1837,9,0.909975
1838,0,0.69996
1839,5,0.849964
1840,0,0.819945
1841,5,0.918159
1842,7,0.651517
1843,3,0.549989
1844,7,0.909974
1845,5,0.909979
1846,0,0.774954
1847,9,0.949986
1848,4,0.733483
1849,6,0.871393
1850,6,0.774959
1851,4,0.92498
1852,3,0.554721
1853,7,0.899971
1854,8,0.899971
1855,8,0.924986
1856,5,0.549973
1857,5,0.631676
1858,0,0.526307
1859,2,0.943738
1860,5,0.295504
1861,2,0.710588
1862,6,0.819971
1863,0,0.1
1864,4,0.819953
1865,9,0.819969
1866,2,0.528622
1867,5,0.380495
1868,7,0.506976
1869,2,0.960858
1870,3,0.699948
1871,7,0.480248
1872,8,0.78139
1873,8,0.519731
1874,2,0.862385
1875,9,0.492325
1876,8,0.702518
1877,2,0.602307
1878,0,0.620804
1879,9,0.819959
1880,6,0.503946
1881,7,0.565895
1882,9,0.525747
1883,6,0.774978
1884,0,0.1
1885,6,0.641286
1886,2,0.794503
1887,5,0.774948
1888,5,0.549971
1889,4,0.530547
1890,1,0.774971
1891,5,0.871391
1892,5,0.477545
1893,9,0.696754
1894,5,0.887473
1895,2,0.924978
1896,0,0.1
1897,6,0.699943
1898,6,0.957133
1899,0,0.1
1900,7,0.699949
1901,2,0.849959
1902,2,0.819956
1903,4,0.819978
1904,6,0.437005
1905,2,0.666039
1906,0,0.1
1907,0,0.774948
1908,5,0.549954
1909,7,0.849963
1910,0,0.704241
1911,6,0.832708
1912,0,0.1
1913,0,0.947041
1914,5,0.549864
1915,4,0.540804
1916,0,0.1
1917,5,0.871402
1918,5,0.819941
1919,3,0.549937
1920,3,0.871398
1921,0,0.617835
1922,8,0.636219
1923,4,0.722404
1924,4,0.447776
1925,0,0.705711
1926,2,0.849956
1927,8,0.54989
1928,8,0.871397
1929,4,0.48328
1930,0,0.403825
1931,8,0.819964
1932,0,0.899971
1933,0,0.909972
1934,4,0.394254
1935,2,0.549949
1936,4,0.849963
1937,7,0.849956
1938,6,0.536414
1939,7,0.943727
1940,4,0.41973
1941,7,0.819971
1942,6,0.699908
1943,0,0.69995
1944,1,0.749756
1945,6,0.699919
1946,2,0.475897
1947,6,0.819953
1948,0,0.549985
1949,6,0.699969
1950,1,0.549987
1951,8,0.899981
1952,0,0.1
1953,7,0.774948
1954,2,0.693785
1955,2,0.598178
1956,8,0.959082
1957,0,0.871397
1958,4,0.935698
1959,1,0.719671
1960,3,0.718861
1961,0,0.1
1962,5,0.699905
1963,7,0.871398
1964,3,0.699896
1965,0,0.549993
1966,5,0.616749
1967,7,0.909981
1968,7,0.871407
1969,5,0.887476
1970,3,0.747967
1971,9,0.930751
1972,4,0.973522
1973,5,0.952619
1974,5,0.81189
1975,8,0.774965
1976,3,0.699975
1977,5,0.699929
1978,4,0.730614
1979,4,0.653941
1980,4,0.665564
1981,4,0.918161
1982,9,0.589923
1983,8,0.887462
1984,2,0.543864
1985,4,0.715653
1986,0,0.1
1987,4,0.849972
1988,9,0.689719
1989,9,0.947044
1990,5,0.699951
1991,0,0.835247
1992,8,0.935699
1993,4,0.798694
1994,4,0.954988
1995,4,0.957132
1996,0,0.774974
1997,6,0.94702
1998,6,0.760592
1999,1,0.718283
2000,5,0.699946
2001,3,0.425289
2002,4,0.464919
2003,6,0.939983
2004,1,0.982349
2005,2,0.819964
2006,7,0.899983
2007,4,0.968958
2008,5,0.483867
2009,6,0.507183
2010,5,0.949986
2011,3,0.871402
2012,0,0.581322
2013,0,0.602801
2014,6,0.887477
2015,3,0.871388
2016,0,0.1
2017,4,0.935698
2018,6,0.699987
2019,6,0.611886
2020,4,0.699907
2021,1,0.774959
2022,4,0.918161
2023,5,0.806368
2024,6,0.930754
2025,9,0.549964
2026,0,0.943734
2027,1,0.95713
2028,4,0.549949
2029,9,0.442043
2030,5,0.88747
2031,9,0.465562
2032,3,0.819956
2033,0,0.909977
2034,9,0.87139
2035,1,0.518194
2036,0,0.1
2037,0,0.899967
2038,7,0.674342
2039,9,0.552139
2040,9,0.930753
2041,0,0.819965
2042,9,0.871404
2043,9,0.928218
2044,2,0.69997
2045,6,0.552978
2046,1,0.871397
2047,6,0.614339
2048,5,0.437704
2049,1,0.899973
2050,2,0.348796
2051,1,0.618293
2052,6,0.887475
2053,8,0.871401
2054,5,0.646451
2055,6,0.969987
2056,0,0.871389
2057,8,0.899976
2058,4,0.472256
2059,3,0.699911
2060,1,0.699935
2061,9,0.477476
2062,2,0.549924
2063,7,0.774947
2064,7,0.909973
2065,6,0.965375
2066,5,0.909976
2067,3,0.887464
2068,8,0.512892
2069,5,0.477904
2070,8,0.299981
2071,2,0.819957
2072,9,0.532618
2073,3,0.485473
2074,5,0.849972
2075,8,0.699959
2076,9,0.924977
2077,5,0.819951
2078,6,0.565993
2079,4,0.871401
2080,4,0.679437
2081,0,0.697703
2082,0,0.795235
2083,4,0.700134
2084,2,0.84996
2085,1,0.909982
2086,0,0.977494
2087,4,0.899978
2088,0,0.880808
2089,0,0.936062
2090,0,0.924976
2091,9,0.871391
2092,4,0.567284
2093,9,0.699957
2094,2,0.48043
2095,6,0.393031
2096,0,0.616362
2097,0,0.440791
2098,5,0.556363
2099,0,0.486483
2100,0,0.392147
2101,8,0.952617
2102,2,0.899972
2103,9,0.410477
2104,0,0.783728
2105,2,0.501331
2106,5,0.947044
2107,9,0.871401
2108,1,0.549973
2109,9,0.472838
2110,0,0.935694
2111,9,0.517034
2112,1,0.615551
2113,8,0.84997
2114,6,0.77493
2115,9,0.887464
2116,5,0.597191
2117,4,0.924973
2118,2,0.949985
2119,1,0.954987
2120,1,0.623216
2121,6,0.551489
2122,8,0.887478
2123,7,0.774952
2124,8,0.699889
2125,8,0.660709
2126,7,0.521578
2127,8,0.549868
2128,6,0.930748
2129,8,0.549978
2130,8,0.549948
2131,3,0.849952
2132,2,0.549946
2133,5,0.887475
2134,9,0.549634
2135,3,0.699897
2136,4,0.69994
2137,8,0.819963
2138,5,0.809544
2139,5,0.939986
2140,6,0.89998
2141,8,0.549922
2142,7,0.962489
2143,7,0.699967
2144,5,0.718192
2145,5,0.84996
2146,0,0.699919
2147,9,0.887477
2148,4,0.359142
2149,4,0.699949
2150,6,0.699956
2151,6,0.702692
2152,8,0.871398
2153,5,0.62894
2154,4,0.549931
2155,9,0.849965
2156,8,0.699925
2157,7,0.92497
2158,7,0.774937
2159,1,0.699968
2160,4,0.774957
2161,6,0.871401
2162,4,0.388927
2163,8,0.849969
2164,8,0.849387
2165,8,0.871415
2166,5,0.957131
2167,8,0.774951
2168,8,0.53598
2169,4,0.65086
2170,8,0.918167
2171,5,0.673068
2172,3,0.699951
2173,8,0.699955
2174,1,0.457174
2175,7,0.690729
2176,2,0.680677
2177,0,0.682072
2178,5,0.699963
2179,4,0.549929
2180,4,0.549915
2181,1,0.699946
2182,7,0.819959
2183,3,0.549946
2184,9,0.899976
2185,0,0.614645
2186,7,0.899976
2187,7,0.618143
2188,3,0.560037
2189,7,0.597948
2190,7,0.887482
2191,6,0.887466
2192,1,0.899976
2193,3,0.819974
2194,5,0.368275
2195,9,0.699903
2196,4,0.549929
2197,9,0.935699
2198,0,0.819969
2199,5,0.764723
2200,8,0.562187
2201,8,0.699489
2202,4,0.909981
2203,7,0.506378
2204,0,0.377898
2205,2,0.549928
2206,9,0.659531
2207,5,0.510831
2208,4,0.626619
2209,5,0.906606
2210,1,0.774962
2211,0,0.667467
2212,6,0.677325
2213,5,0.722863
2214,8,0.949987
2215,9,0.960858
2216,5,0.772824
2217,9,0.551376
2218,1,0.327299
2219,4,0.935698
2220,8,0.643819
2221,5,0.515055
2222,1,0.871405
2223,4,0.765137
2224,5,0.39463
2225,9,0.75348
2226,8,0.819966
2227,7,0.930746
2228,9,0.909975
2229,6,0.849953
2230,8,0.549967
2231,4,0.544936
2232,8,0.534549
2233,3,0.699911
2234,7,0.364774
2235,4,0.871401
2236,1,0.774953
2237,3,0.819965
2238,6,0.479592
2239,3,0.819957
2240,4,0.863979
2241,0,0.887469
2242,8,0.887459
2243,1,0.924979
2244,0,0.1
2245,3,0.549925
2246,9,0.77498
2247,7,0.9357
2248,7,0.774945
2249,3,0.613018
2250,1,0.909976
2251,4,0.774963
2252,8,0.622288
2253,6,0.699933
2254,0,0.577026
2255,5,0.693725
2256,8,0.849971
2257,1,0.84997
2258,0,0.1
2259,7,0.534213
2260,4,0.899977
2261,7,0.774958
2262,9,0.918164
2263,2,0.57834
2264,0,0.592411
2265,6,0.924983
2266,4,0.774942
2267,6,0.777116
2268,2,0.871401
2269,4,0.628997
2270,6,0.704188
2271,3,0.887472
2272,7,0.363907
2273,9,0.88747
2274,7,0.909978
2275,0,0.512705
2276,1,0.774634
2277,5,0.439641
2278,9,0.677787
2279,4,0.699918
2280,7,0.871399
2281,6,0.774921
2282,4,0.788868
2283,1,0.54074
2284,6,0.47539
2285,9,0.849968
2286,0,0.699941
2287,9,0.90998
2288,9,0.681544
2289,8,0.279257
2290,6,0.448295
2291,9,0.887483
2292,9,0.819975
2293,9,0.887483
2294,6,0.918166
2295,2,0.939983
2296,9,0.46843
2297,5,0.899972
2298,4,0.549927
2299,5,0.819956
2300,8,0.819965
2301,7,0.397025
2302,8,0.849959
2303,6,0.774933
2304,2,0.556031
2305,0,0.663497
2306,0,0.536492
2307,9,0.90998
2308,6,0.819949
2309,9,0.92497
2310,1,0.642044
2311,8,0.887471
2312,9,0.493044
2313,0,0.825437
2314,0,0.636646
2315,1,0.699953
2316,0,0.285109
2317,2,0.51661
2318,9,0.505734
2319,0,0.69996
2320,1,0.899977
2321,8,0.89997
2322,0,0.1
2323,1,0.549961
2324,1,0.723531
2325,8,0.887479
2326,1,0.871413
2327,8,0.774962
2328,8,0.540993
2329,8,0.371757
2330,9,0.507225
2331,8,0.849973
2332,7,0.887474
2333,3,0.899974
2334,1,0.516106
2335,3,0.571602
2336,1,0.520544
2337,8,0.819964
2338,0,0.1
2339,8,0.549734
2340,8,0.549896
2341,9,0.918159
2342,7,0.324908
2343,9,0.935697
2344,4,0.699973
2345,9,0.899976
2346,9,0.845576
2347,9,0.95908
2348,3,0.699956
2349,0,0.849962
2350,8,0.849942
2351,8,0.699938
2352,1,0.60341
2353,7,0.849958
2354,8,0.849968
2355,8,0.622035
2356,5,0.909974
2357,0,0.1
2358,1,0.395242
2359,9,0.608447
2360,6,0.549937
2361,2,0.849967
2362,6,0.500912
2363,0,0.909982
2364,4,0.549908
2365,8,0.66978
2366,8,0.947046
2367,8,0.377767
2368,8,0.781189
2369,9,0.849965
2370,0,0.699938
2371,7,0.918169
2372,2,0.614978
2373,3,0.699976
2374,8,0.442963
2375,4,0.887474
2376,4,0.804101
2377,6,0.878338
2378,9,0.595586
2379,7,0.646414
2380,7,0.93075
2381,1,0.569993
2382,8,0.54989
2383,4,0.442235
2384,5,0.722967
2385,6,0.437626
2386,3,0.81995
2387,1,0.699925
2388,9,0.338253
2389,7,0.90998
2390,1,0.699945
2391,9,0.774928
2392,0,0.819959
2393,4,0.939984
2394,2,0.871398
2395,6,0.930752
2396,4,0.918163
2397,3,0.705733
2398,4,0.532249
2399,0,0.486786
2400,7,0.909973
2401,6,0.658484
2402,5,0.971865
2403,4,0.95262
2404,0,0.656926
2405,5,0.819959
2406,8,0.849975
2407,8,0.871403
2408,1,0.699951
2409,8,0.585454
2410,0,0.1
2411,8,0.849972
2412,9,0.549991
2413,4,0.819939
2414,4,0.518176
2415,6,0.527523
2416,6,0.784682
2417,0,0.849967
2418,1,0.549944
2419,6,0.871384
2420,9,0.513979
2421,6,0.483973
2422,9,0.954988
2423,5,0.849956
2424,7,0.849962
2425,7,0.887467
2426,5,0.918151
2427,2,0.819968
2428,0,0.549976
2429,2,0.549971
2430,1,0.918158
2431,0,0.581592
2432,2,0.819977
2433,0,0.699919
2434,2,0.819959
2435,9,0.918154
2436,5,0.830204
2437,6,0.594796
2438,7,0.539598
2439,7,0.522707
2440,7,0.959079
2441,3,0.69992
2442,9,0.849964
2443,7,0.899978
2444,1,0.549938
2445,0,0.1
2446,2,0.930756
2447,2,0.91816
2448,0,0.1
2449,2,0.512112
2450,2,0.712324
2451,9,0.819949
2452,7,0.527071
2453,5,0.943737
2454,6,0.549974
2455,5,0.965376
2456,4,0.674704
2457,2,0.634251
2458,4,0.849954
2459,5,0.429638
2460,8,0.634204
2461,2,0.532961
2462,8,0.715266
2463,2,0.574277
2464,5,0.819962
2465,2,0.774971
2466,6,0.652938
2467,6,0.45811
2468,0,0.887475
2469,3,0.426158
2470,1,0.455466
2471,0,0.774935
2472,9,0.598748
2473,7,0.523796
2474,4,0.792269
2475,5,0.479979
2476,4,0.824063
2477,1,0.819959
2478,1,0.849968
2479,7,0.470597
2480,8,0.572598
2481,1,0.735719
2482,5,0.383955
2483,4,0.819962
2484,3,0.84997
2485,0,0.75068
2486,6,0.887471
2487,2,0.64006
2488,7,0.549923
2489,4,0.849963
2490,5,0.819948
2491,7,0.699943
2492,4,0.819961
2493,9,0.819935
2494,0,0.1
2495,0,0.1
2496,1,0.549953
2497,6,0.819947
2498,1,0.775738
2499,1,0.871409
2500,8,0.700063
2501,7,0.560018
2502,3,0.699949
2503,4,0.8714
2504,5,0.479949
2505,1,0.494069
2506,9,0.699931
2507,8,0.549866
2508,5,0.55198
2509,5,0.699925
2510,8,0.84996
2511,0,0.1
2512,2,0.774953
2513,4,0.446793
2514,0,0.1
2515,8,0.918162
2516,3,0.655833
2517,6,0.488051
2518,8,0.849948
2519,1,0.871397
2520,8,0.774963
2521,5,0.484817
2522,8,0.930756
2523,0,0.549976
2524,8,0.819965
2525,5,0.774975
2526,7,0.731239
2527,4,0.918162
2528,7,0.963992
2529,5,0.487862
2530,7,0.774974
2531,0,0.1
2532,7,0.871397
2533,0,0.935698
2534,5,0.694121
2535,1,0.871383
2536,0,0.77495
2537,6,0.507348
2538,1,0.849961
2539,1,0.979541
2540,2,0.662853
2541,2,0.516389
2542,8,0.525876
2543,8,0.827662
2544,5,0.909978
2545,8,0.50798
2546,8,0.899973
2547,5,0.849973
2548,3,0.657167
2549,4,0.705062
2550,9,0.871393
2551,6,0.909974
2552,2,0.776656
2553,2,0.598668
2554,5,0.50517
2555,9,0.666291
2556,8,0.732839
2557,6,0.51924
2558,8,0.628992
2559,8,0.629061
2560,7,0.485023
2561,5,0.427835
2562,0,0.1
2563,7,0.699935
2564,5,0.960861
2565,7,0.871399
2566,2,0.720316
2567,0,0.531982
2568,1,0.774964
2569,5,0.549885
2570,8,0.783349
2571,6,0.887478
2572,9,0.966657
2573,8,0.503529
2574,7,0.522231
2575,5,0.816539
2576,4,0.426923
2577,5,0.89997
2578,5,0.570331
2579,0,0.947043
2580,4,0.887471
2581,4,0.748166
2582,4,0.924979
2583,5,0.879021
2584,8,0.55801
2585,6,0.553859
2586,7,0.59955
2587,3,0.918158
2588,3,0.511072
2589,2,0.871391
2590,0,0.1
2591,0,0.849966
2592,3,0.81996
2593,9,0.849977
2594,2,0.819953
2595,2,0.899976
2596,5,0.967783
2597,3,0.821331
2598,8,0.926183
2599,6,0.507251
2600,6,0.887475
2601,0,0.1
2602,0,0.549975
2603,0,0.699877
2604,8,0.391545
2605,1,0.549963
2606,0,0.924979
2607,2,0.943733
2608,0,0.774962
2609,0,0.774961
2610,0,0.774961
2611,5,0.849956
2612,3,0.918159
2613,6,0.549965
2614,7,0.774939
2615,1,0.918159
2616,8,0.54995
2617,8,0.81995
2618,8,0.909975
2619,8,0.819972
2620,9,0.637927
2621,9,0.754233
2622,7,0.54228
2623,5,0.603751
2624,3,0.369084
2625,0,0.91816
2626,6,0.699933
2627,7,0.819955
2628,2,0.935697
2629,2,0.545245
2630,4,0.467164
2631,9,0.662699
2632,8,0.918158
2633,7,0.81996
2634,0,0.774944
2635,9,0.507299
2636,0,0.1
2637,0,0.691642
2638,5,0.909974
2639,0,0.774978
2640,0,0.1
2641,8,0.699966
2642,7,0.448042
2643,6,0.930756
2644,0,0.562906
2645,9,0.849963
2646,8,0.849964
2647,3,0.549936
2648,3,0.899965
2649,7,0.84996
2650,9,0.887475
2651,5,0.549916
2652,0,0.1
2653,5,0.819962
2654,1,0.515664
2655,5,0.774934
2656,3,0.549976
2657,5,0.715428
2658,9,0.625272
2659,9,0.774951
2660,8,0.500702
2661,4,0.498097
2662,0,0.1
2663,7,0.57237
2664,6,0.849959
2665,4,0.413325
2666,9,0.930745
2667,5,0.871401
2668,9,0.549939
2669,0,0.1
2670,8,0.77496
2671,0,0.1
2672,7,0.577425
2673,4,0.95908
2674,6,0.699931
2675,0,0.1
2676,3,0.819948
2677,8,0.525325
2678,7,0.774969
2679,8,0.930752
2680,7,0.581788
2681,4,0.774946
2682,4,0.935698
2683,4,0.819941
2684,8,0.581604
2685,8,0.487104
2686,1,0.849967
2687,7,0.939985
2688,8,0.939986
2689,5,0.774952
2690,8,0.899983
2691,3,0.699986
2692,5,0.774959
2693,8,0.487443
2694,0,0.909971
2695,8,0.374113
2696,2,0.819955
2697,8,0.501156
2698,1,0.909972
2699,4,0.629828
2700,0,0.819953
2701,0,0.849966
2702,2,0.417606
2703,5,0.887481
2704,5,0.943733
2705,5,0.725597
2706,5,0.939986
2707,8,0.549964
2708,2,0.635809
2709,3,0.819961
2710,5,0.763133
2711,2,0.483421
2712,8,0.549889
2713,9,0.698651
2714,2,0.774955
2715,6,0.830082
2716,4,0.787239
2717,5,0.849969
2718,2,0.468605
2719,0,0.51772
2720,0,0.422503
2721,9,0.871401
2722,1,0.77493
2723,0,0.34282
2724,5,0.954988
2725,2,0.473412
2726,9,0.432815
2727,9,0.846462
2728,2,0.544847
2729,9,0.487901
2730,5,0.541868
2731,5,0.365637
2732,0,0.607607
2733,9,0.464798
2734,2,0.683837
2735,6,0.549916
2736,0,0.1
2737,4,0.656093
2738,2,0.556093
2739,1,0.699921
2740,0,0.647124
2741,5,0.816331
2742,9,0.663993
2743,5,0.778201
2744,4,0.627138
2745,0,0.88747
2746,6,0.613921
2747,4,0.82834
2748,8,0.909969
2749,8,0.59339
2750,8,0.952618
2751,8,0.949985
2752,8,0.669037
2753,9,0.819957
2754,7,0.849963
2755,4,0.918325
2756,5,0.939982
2757,9,0.935696
2758,6,0.871403
2759,8,0.453183
2760,4,0.615556
2761,4,0.984479
2762,9,0.909976
2763,2,0.819956
2764,9,0.96399
2765,7,0.887473
2766,4,0.56449
2767,4,0.386299
2768,4,0.656785
2769,5,0.738224
2770,0,0.447026
2771,4,0.774968
2772,6,0.871399
2773,0,0.657248
2774,8,0.819943
2775,1,0.871401
2776,8,0.54995
2777,0,0.1
2778,8,0.549951
2779,0,0.774953
2780,1,0.699934
2781,0,0.1
2782,8,0.545843
2783,9,0.296156
2784,4,0.416567
2785,3,0.549988
2786,3,0.549971
2787,4,0.984742
2788,2,0.805397
2789,9,0.899974
2790,0,0.1
2791,4,0.819969
2792,1,0.699924
2793,3,0.774918
2794,8,0.930752
2795,8,0.849973
2796,1,0.871412
2797,8,0.792209
2798,6,0.819945
2799,0,0.849961
2800,3,0.64935
2801,6,0.84997
2802,4,0.887466
2803,3,0.435127
2804,9,0.740753
2805,3,0.918163
2806,2,0.699906
2807,6,0.275774
2808,8,0.549922
2809,5,0.520974
2810,3,0.549976
2811,9,0.849927
2812,3,0.549976
2813,8,0.408625
2814,5,0.612156
2815,7,0.465757
2816,1,0.84997
2817,3,0.619577
2818,5,0.849974
2819,6,0.582568
2820,8,0.774976
2821,8,0.935699
2822,8,0.507276
2823,6,0.62747
2824,0,0.643341
2825,5,0.930752
2826,1,0.849982
2827,6,0.610705
2828,7,0.774943
2829,8,0.977494
2830,3,0.549976
2831,7,0.672389
2832,6,0.918161
2833,7,0.721104
2834,9,0.960859
2835,4,0.899976
2836,1,0.719172
2837,4,0.949987
2838,0,0.91816
2839,0,0.425367
2840,0,0.871383
2841,9,0.849959
2842,4,0.899976
2843,5,0.254509
2844,4,0.549895
2845,5,0.47927
2846,1,0.539901
2847,4,0.665877
2848,5,0.50246
2849,9,0.541406
2850,0,0.849974
2851,1,0.524525
2852,6,0.502531
2853,3,0.844207
2854,5,0.81993
2855,0,0.849963
2856,0,0.458788
2857,4,0.774948
2858,0,0.1
2859,4,0.774957
2860,7,0.774706
2861,9,0.699955
2862,2,0.935702
2863,0,0.909983
2864,9,0.943733
2865,6,0.488467
2866,2,0.55476
2867,4,0.624765
2868,0,0.949988
2869,1,0.410041
2870,0,0.403539
2871,6,0.569281
2872,6,0.909986
2873,0,0.565894
2874,9,0.775421
2875,3,0.730797
2876,6,0.909985
2877,6,0.943738
2878,8,0.553411
2879,7,0.539378
2880,6,0.930745
2881,6,0.585537
2882,6,0.733662
2883,5,0.635608
2884,5,0.674688
2885,7,0.645006
2886,4,0.968958
2887,4,0.780847
2888,4,0.549949
2889,4,0.709686
2890,0,0.887492
2891,4,0.918162
2892,4,0.632589
2893,9,0.774951
2894,6,0.887472
2895,6,0.699919
2896,1,0.724138
2897,9,0.583411
2898,7,0.811381
2899,0,0.1
2900,0,0.1
2901,8,0.794946
2902,5,0.669591
2903,5,0.88748
2904,5,0.588792
2905,0,0.57411
2906,8,0.488015
2907,5,0.849972
2908,5,0.70554
2909,7,0.89998
2910,6,0.774953
2911,6,0.774928
2912,5,0.561039
2913,5,0.552026
2914,5,0.819955
2915,5,0.721658
2916,8,0.930753
2917,8,0.5423
2918,1,0.549962
2919,1,0.599703
2920,6,0.621654
2921,5,0.517359
2922,5,0.689994
2923,5,0.400802
2924,1,0.414385
2925,9,0.549942
2926,8,0.54989
2927,4,0.699928
2928,7,0.639962
2929,3,0.887475
2930,5,0.680359
2931,8,0.918162
2932,7,0.930753
2933,8,0.774956
2934,5,0.849971
2935,5,0.650421
2936,9,0.559472
2937,7,0.819968
2938,1,0.349992
2939,5,0.887473
2940,8,0.909979
2941,1,0.63668
2942,0,0.1
2943,5,0.930755
2944,5,0.490352
2945,5,0.764458
2946,1,0.774955
2947,1,0.651467
2948,8,0.887462
2949,3,0.699945
2950,5,0.935701
2951,5,0.280691
2952,6,0.943741
2953,6,0.553268
2954,5,0.54671
2955,5,0.67116
2956,3,0.699798
2957,9,0.569467
2958,2,0.796775
2959,5,0.887472
2960,9,0.819968
2961,6,0.819955
2962,7,0.295141
2963,5,0.549899
2964,5,0.699917
2965,4,0.849957
2966,2,0.465483
2967,5,0.958406
2968,9,0.774959
2969,9,0.622989
2970,5,0.586066
2971,7,0.849965
2972,5,0.549928
2973,3,0.612914
2974,1,0.819949
2975,1,0.849964
2976,5,0.84997
2977,4,0.69994
2978,5,0.819954
2979,8,0.549923
2980,8,0.549948
2981,4,0.640152
2982,0,0.699927
2983,5,0.549922
2984,7,0.918163
2985,0,0.819958
2986,4,0.899982
2987,8,0.84996
2988,0,0.1
2989,3,0.549976
2990,8,0.458099
2991,9,0.699922
2992,8,0.89997
2993,9,0.81996
2994,8,0.550221
2995,5,0.49152
2996,7,0.549864
2997,7,0.887477
2998,0,0.1
2999,7,0.555187
3000,7,0.899977
3001,3,0.699941
3002,5,0.81997
3003,5,0.909976
3004,0,0.1
3005,7,0.849971
3006,5,0.764973
3007,7,0.527099
3008,7,0.939985
3009,5,0.87139
3010,7,0.918163
3011,8,0.549948
3012,8,0.887472
3013,2,0.664048
3014,2,0.40414
3015,4,0.84997
3016,4,0.607186
3017,9,0.774961
3018,9,0.909965
3019,2,0.382737
3020,2,0.819978
3021,1,0.77497
3022,1,0.762334
3023,0,0.625195
3024,8,0.409844
3025,9,0.96399
3026,1,0.819953
3027,8,0.774931
3028,0,0.849968
3029,0,0.583548
3030,2,0.774947
3031,8,0.887464
3032,8,0.677368
3033,8,0.887478
3034,8,0.403952
3035,5,0.819945
3036,4,0.887474
3037,3,0.917806
3038,3,0.549976
3039,1,0.732588
3040,7,0.871398
3041,8,0.699947
3042,4,0.871385
3043,8,0.849948
3044,2,0.947043
3045,4,0.907267
3046,0,0.577404
3047,2,0.684612
3048,9,0.591868
3049,4,0.819951
3050,4,0.610147
3051,4,0.634966
3052,3,0.774943
3053,8,0.81995
3054,3,0.960859
3055,0,0.682042
3056,2,0.480549
3057,7,0.40612
3058,0,0.657188
3059,0,0.827063
3060,9,0.654397
3061,7,0.774938
3062,7,0.423133
3063,7,0.695355
3064,1,0.924981
3065,4,0.444381
3066,5,0.924983
3067,5,0.54997
3068,5,0.54997
3069,5,0.753604
3070,1,0.774919
3071,7,0.879766
3072,7,0.647997
3073,0,0.549985
3074,0,0.549986
3075,4,0.44789
3076,5,0.91816
3077,8,0.508445
3078,3,0.501377
3079,3,0.432852
3080,8,0.549882
3081,0,0.1
3082,9,0.549969
3083,7,0.77494
3084,5,0.774942
3085,5,0.819961
3086,4,0.774953
3087,5,0.699958
3088,5,0.949986
3089,8,0.506692
3090,9,0.553744
3091,8,0.871402
3092,8,0.762683
3093,0,0.887493
3094,4,0.849967
3095,7,0.395352
3096,2,0.53818
3097,5,0.699932
3098,3,0.549938
3099,2,0.819961
3100,2,0.774973
3101,4,0.567477
3102,0,0.613374
3103,2,0.521756
3104,5,0.935694
3105,2,0.680981
3106,3,0.416707
3107,5,0.722855
3108,1,0.54998
3109,8,0.532274
3110,2,0.887473
3111,4,0.699908
3112,1,0.549965
3113,2,0.421356
3114,9,0.819923
3115,4,0.887463
3116,8,0.849967
3117,9,0.924977
3118,4,0.555074
3119,6,0.918154
3120,5,0.918159
3121,4,0.678015
3122,7,0.899974
3123,7,0.551296
3124,7,0.441534
3125,4,0.549921
3126,7,0.819958
3127,7,0.84996
3128,2,0.449506
3129,4,0.909976
3130,7,0.417228
3131,2,0.699974
3132,3,0.819944
3133,4,0.909976
3134,4,0.435047
3135,7,0.699933
3136,1,0.69993
3137,6,0.549877
3138,3,0.700082
3139,9,0.849961
3140,0,0.819955
3141,2,0.436334
3142,7,0.952619
3143,0,0.418125
3144,1,0.549953
3145,6,0.930753
3146,6,0.909979
3147,1,0.774928
3148,0,0.1
3149,1,0.699937
3150,8,0.871402
3151,3,0.699959
3152,6,0.699949
3153,1,0.65498
3154,0,0.1
3155,1,0.567489
3156,0,0.1
3157,7,0.819952
3158,6,0.935697
3159,4,0.549895
3160,0,0.949986
3161,6,0.630433
3162,0,0.1
3163,1,0.909978
3164,5,0.738189
3165,9,0.774959
3166,7,0.837716
3167,7,0.620833
3168,6,0.542085
3169,5,0.560369
3170,7,0.943737
3171,7,0.624531
3172,4,0.56168
3173,5,0.547713
3174,3,0.435637
3175,3,0.716762
3176,8,0.586323
3177,0,0.949985
3178,4,0.819945
3179,0,0.774946
3180,3,0.871398
3181,0,0.943733
3182,5,0.425634
3183,5,0.710074
3184,1,0.386707
3185,9,0.316597
3186,4,0.924977
3187,0,0.1
3188,4,0.549968
3189,2,0.549924
3190,2,0.580944
3191,0,0.1
3192,1,0.549945
3193,7,0.549972
3194,8,0.699968
3195,0,0.699941
3196,0,0.1
3197,0,0.1
3198,5,0.699954
3199,1,0.699966
3200,8,0.549937
3201,7,0.819969
3202,8,0.858866
3203,0,0.549979
3204,4,0.909981
3205,6,0.849954
3206,4,0.87139
3207,4,0.717281
3208,7,0.704063
3209,4,0.755924
3210,2,0.962489
3211,5,0.522825
3212,4,0.454424
3213,6,0.474788
3214,5,0.451484
3215,0,0.716384
3216,8,0.604507
3217,5,0.699426
3218,6,0.669194
3219,5,0.349281
3220,0,0.887492
3221,9,0.51823
3222,1,0.819967
3223,5,0.565113
3224,0,0.559505
3225,2,0.632912
3226,6,0.604633
3227,4,0.959081
3228,0,0.849972
3229,0,0.954988
3230,5,0.539141
3231,2,0.930752
3232,6,0.549184
3233,5,0.517236
3234,5,0.477818
3235,6,0.819958
3236,5,0.819952
3237,1,0.819949
3238,8,0.560722
3239,0,0.1
3240,3,0.549976
3241,1,0.647588
3242,0,0.549991
3243,8,0.774952
3244,2,0.699965
3245,7,0.546561
3246,6,0.381324
3247,0,0.491813
3248,0,0.636337
3249,6,0.607248
3250,5,0.510624
3251,0,0.819993
3252,6,0.644836
3253,9,0.573287
3254,0,0.887471
3255,2,0.819949
3256,2,0.699948
3257,2,0.699965
3258,0,0.640431
3259,0,0.513925
3260,7,0.683545
3261,1,0.46964
3262,2,0.918155
3263,5,0.819961
3264,2,0.549928
3265,5,0.918159
3266,3,0.819951
3267,9,0.887469
3268,5,0.774946
3269,4,0.718975
3270,7,0.930754
3271,4,0.819961
3272,3,0.614425
3273,1,0.72393
3274,1,0.699962
3275,4,0.774974
3276,8,0.77497
3277,1,0.819949
3278,5,0.707669
3279,2,0.871391
3280,7,0.643844
3281,1,0.943736
3282,5,0.5448
3283,3,0.384834
3284,3,0.627573
3285,8,0.549921
3286,3,0.774948
3287,5,0.88747
3288,8,0.908349
3289,1,0.899971
3290,4,0.699939
3291,1,0.546732
3292,9,0.924978
3293,7,0.909979
3294,8,0.699963
3295,1,0.849962
3296,1,0.619407
3297,5,0.434282
3298,0,0.849961
3299,0,0.699951
3300,1,0.699926
3301,0,0.774925
3302,0,0.1
3303,9,0.402175
3304,9,0.930753
3305,9,0.66815
3306,9,0.897976
3307,1,0.526768
3308,5,0.73028
3309,0,0.511203
3310,4,0.568261
3311,4,0.871404
3312,5,0.949987
3313,4,0.909974
3314,6,0.419955
3315,2,0.899973
3316,8,0.4202
3317,4,0.774961
3318,5,0.924976
3319,3,0.680188
3320,8,0.774961
3321,9,0.54999
3322,0,0.1
3323,8,0.84995
3324,5,0.564116
3325,1,0.939981
3326,1,0.472162
3327,7,0.860209
3328,5,0.887474
3329,4,0.899978
3330,9,0.54992
3331,0,0.1
3332,1,0.699965
3333,8,0.48672
3334,8,0.918159
3335,0,0.804142
3336,9,0.887481
3337,9,0.819956
3338,9,0.943735
3339,6,0.849953
3340,6,0.590717
3341,6,0.590752
3342,0,0.909976
3343,0,0.849962
3344,5,0.909974
3345,7,0.774947
3346,8,0.774943
3347,8,0.420493
3348,5,0.871399
3349,1,0.877601
3350,8,0.466254
3351,5,0.632135
3352,5,0.885506
3353,9,0.887463
3354,3,0.774946
3355,8,0.661807
3356,7,0.871387
3357,9,0.531883
3358,8,0.689104
3359,8,0.819975
3360,9,0.347688
3361,0,0.1
3362,4,0.578093
3363,1,0.418843
3364,4,0.899973
3365,5,0.579073
3366,7,0.481876
3367,0,0.1
3368,0,0.1
3369,1,0.545335
3370,8,0.819943
3371,0,0.899969
3372,5,0.887474
3373,4,0.61518
3374,4,0.849969
3375,1,0.81995
3376,3,0.774938
3377,1,0.871394
3378,4,0.819938
3379,9,0.699951
3380,6,0.507301
3381,8,0.699839
3382,9,0.500513
3383,5,0.529287
3384,0,0.4857
3385,0,0.1
3386,1,0.887471
3387,2,0.526583
3388,4,0.303586
3389,0,0.819993
3390,0,0.969991
3391,6,0.499019
3392,8,0.887468
3393,6,0.935702
3394,4,0.849966
3395,0,0.1
3396,8,0.504734
3397,1,0.849971
3398,3,0.819958
3399,1,0.871406
3400,5,0.6114
3401,5,0.849944
3402,2,0.549924
3403,5,0.810695
3404,5,0.676636
3405,4,0.774953
3406,7,0.871394
3407,4,0.649173
3408,5,0.581546
3409,2,0.734203
3410,5,0.573691
3411,2,0.918166
3412,7,0.774962
3413,6,0.537448
3414,3,0.699896
3415,4,0.849971
3416,4,0.887473
3417,4,0.935689
3418,8,0.849961
3419,6,0.456252
3420,2,0.849958
3421,9,0.935696
3422,5,0.713134
3423,8,0.952616
3424,8,0.696922
3425,8,0.887466
3426,1,0.492529
3427,8,0.613527
3428,4,0.699922
3429,8,0.968957
3430,9,0.479702
3431,5,0.699946
3432,3,0.403405
3433,5,0.918163
3434,6,0.924984
3435,5,0.5499
3436,3,0.774974
3437,1,0.658724
3438,8,0.930749
3439,5,0.699959
3440,7,0.849965
3441,3,0.699894
3442,9,0.774941
3443,5,0.909985
3444,1,0.819939
3445,7,0.887473
3446,3,0.699897
3447,1,0.658419
3448,8,0.561818
3449,9,0.849969
3450,8,0.819951
3451,3,0.704386
3452,7,0.774936
3453,9,0.909979
3454,4,0.376849
3455,3,0.909973
3456,3,0.943734
3457,4,0.849962
3458,1,0.619682
3459,3,0.871399
3460,8,0.924979
3461,6,0.69994
3462,2,0.500508
3463,9,0.871395
3464,1,0.973522
3465,5,0.899976
3466,3,0.449499
3467,1,0.549953
3468,1,0.427467
3469,5,0.849957
3470,2,0.637568
3471,5,0.39247
3472,9,0.395689
3473,7,0.849971
3474,8,0.649936
3475,8,0.90998
3476,1,0.702473
3477,1,0.885832
3478,7,0.625596
3479,0,0.61182
3480,0,0.409781
3481,0,0.871405
3482,0,0.575369
3483,0,0.548712
3484,5,0.758812
3485,4,0.400431
3486,8,0.699939
3487,8,0.887471
3488,8,0.59008
3489,0,0.887492
3490,4,0.943736
3491,5,0.924977
3492,6,0.92498
3493,4,0.871389
3494,2,0.935695
3495,0,0.1
3496,0,0.1
3497,0,0.943734
3498,5,0.943736
3499,6,0.565312
3500,5,0.699936
3501,4,0.887463
3502,8,0.699946
3503,5,0.918161
3504,4,0.819965
3505,6,0.621026
3506,6,0.481487
3507,4,0.909978
3508,4,0.447604
3509,1,0.871399
3510,0,0.607775
3511,6,0.774964
3512,4,0.824936
3513,6,0.549948
3514,4,0.549926
3515,4,0.9357
3516,5,0.549929
3517,4,0.699923
3518,5,0.493295
3519,5,0.871399
3520,6,0.849959
3521,5,0.924979
3522,5,0.887473
3523,6,0.899965
3524,8,0.567297
3525,9,0.490967
3526,8,0.66284
3527,9,0.774984
3528,3,0.549925
3529,0,0.747411
3530,1,0.501093
3531,8,0.699923
3532,4,0.899974
3533,3,0.571728
3534,8,0.718399
3535,5,0.549981
3536,8,0.74839
3537,7,0.909974
3538,0,0.861548
3539,0,0.509009
3540,4,0.47716
3541,0,0.1
3542,0,0.849969
3543,9,0.652624
3544,8,0.918162
3545,5,0.924978
3546,0,0.924978
3547,3,0.349157
3548,9,0.802199
3549,1,0.429288
3550,1,0.930753
3551,3,0.614974
3552,9,0.53765
3553,1,0.699919
3554,0,0.1
3555,9,0.642448
3556,5,0.899977
3557,0,0.1
3558,1,0.525217
3559,0,0.1
3560,0,0.1
3561,5,0.819968
3562,3,0.774946
3563,0,0.1
3564,8,0.969991
3565,8,0.94704
3566,5,0.494756
3567,8,0.699956
3568,3,0.774958
3569,6,0.930752
3570,8,0.549886
3571,4,0.549877
3572,6,0.699971
3573,6,0.699915
3574,9,0.716409
3575,8,0.774976
3576,0,0.802087
3577,8,0.81996
3578,2,0.429726
3579,5,0.483167
3580,4,0.64226
3581,0,0.693643
3582,9,0.596978
3583,9,0.819938
3584,8,0.687574
3585,8,0.668587
3586,7,0.753283
3587,8,0.630669
3588,7,0.699954
3589,0,0.549976
3590,2,0.699953
3591,3,0.564216
3592,1,0.774916
3593,0,0.1
3594,4,0.549985
3595,1,0.943736
3596,3,0.414857
3597,4,0.89997
3598,5,0.549931
3599,7,0.584935
3600,8,0.819973
3601,8,0.930752
3602,4,0.93075
3603,8,0.81995
3604,9,0.705703
3605,5,0.675926
3606,6,0.522599
3607,4,0.947042
3608,6,0.849975
3609,6,0.87139
3610,4,0.864966
3611,6,0.871399
3612,6,0.849964
3613,6,0.758875
3614,9,0.644571
3615,7,0.949991
3616,4,0.774955
3617,1,0.69997
3618,0,0.1
3619,7,0.774968
3620,8,0.819964
3621,3,0.819981
3622,1,0.849958
3623,8,0.774961
3624,5,0.909975
3625,8,0.84997
3626,1,0.774937
3627,1,0.774933
3628,0,0.1
3629,0,0.1
3630,4,0.774947
3631,5,0.743433
3632,1,0.774975
3633,1,0.735089
3634,1,0.871404
3635,1,0.899984
3636,0,0.1
3637,8,0.776391
3638,5,0.871393
3639,4,0.699961
3640,9,0.699938
3641,6,0.774948
3642,4,0.54995
3643,2,0.699914
3644,3,0.47069
3645,2,0.774941
3646,6,0.819965
3647,3,0.700961
3648,8,0.699953
3649,6,0.819939
3650,6,0.62197
3651,0,0.557775
3652,7,0.621837
3653,0,0.1
3654,8,0.508843
3655,1,0.871392
3656,9,0.707521
3657,8,0.871398
3658,6,0.53308
3659,8,0.774966
3660,3,0.549979
3661,5,0.899977
3662,1,0.849975
3663,2,0.899975
3664,0,0.1
3665,0,0.549883
3666,6,0.356785
3667,4,0.774962
3668,0,0.1
3669,0,0.1
3670,1,0.699935
3671,1,0.57712
3672,4,0.549876
3673,8,0.699929
3674,3,0.609608
3675,3,0.887471
3676,0,0.1
3677,7,0.752842
3678,4,0.819961
3679,1,0.549882
3680,6,0.849958
3681,3,0.549987
3682,1,0.774968
3683,4,0.774948
3684,6,0.462854
3685,6,0.819964
3686,9,0.761116
3687,5,0.769455
3688,2,0.918159
3689,1,0.849967
3690,9,0.44521
3691,3,0.56951
3692,8,0.658491
3693,6,0.77494
3694,1,0.419621
3695,9,0.383255
3696,0,0.699956
3697,1,0.887476
3698,0,0.1
3699,3,0.549976
3700,4,0.889473
3701,4,0.862687
3702,8,0.939984
3703,1,0.819974
3704,0,0.549988
3705,0,0.1
3706,8,0.774944
3707,8,0.899976
3708,1,0.849975
3709,2,0.549926
3710,3,0.491349
3711,8,0.774951
3712,6,0.871396
3713,4,0.678766
3714,1,0.939985
3715,3,0.69997
3716,0,0.1
3717,2,0.510632
3718,4,0.887466
3719,9,0.651344
3720,5,0.549902
3721,5,0.549902
3722,8,0.785146
3723,8,0.5975
3724,3,0.503739
3725,5,0.887474
3726,5,0.774955
3727,8,0.569502
3728,0,0.610198
3729,9,0.774973
3730,8,0.639196
3731,9,0.740611
3732,9,0.549908
3733,4,0.824248
3734,0,0.1
3735,8,0.741653
3736,8,0.549942
3737,3,0.549976
3738,4,0.774962
3739,7,0.774948
3740,0,0.1
3741,6,0.887475
3742,9,0.887466
3743,1,0.909976
3744,5,0.935702
3745,3,0.935694
3746,9,0.909975
3747,4,0.77496
3748,7,0.699965
3749,3,0.549976
3750,8,0.899972
3751,6,0.513509
3752,1,0.524275
3753,1,0.899973
3754,3,0.871397
3755,5,0.930753
3756,4,0.567244
3757,5,0.909978
3758,5,0.430529
3759,5,0.774972
3760,3,0.774939
3761,5,0.969993
3762,7,0.819966
3763,1,0.699939
3764,7,0.677213
3765,5,0.963993
3766,5,0.965376
3767,3,0.516059
3768,9,0.774958
3769,5,0.709714
3770,8,0.448734
3771,8,0.930754
3772,0,0.549987
3773,1,0.871396
3774,5,0.84996
3775,7,0.639947
3776,8,0.517954
3777,7,0.576122
3778,7,0.774965
3779,4,0.78233
3780,8,0.549913
3781,7,0.694165
3782,2,0.849943
3783,3,0.774943
3784,7,0.981995
3785,8,0.924979
3786,0,0.1
3787,7,0.707145
3788,4,0.909961
3789,5,0.35183
3790,8,0.924984
3791,5,0.584468
3792,1,0.89998
3793,0,0.1
3794,3,0.495895
3795,1,0.887479
3796,8,0.774957
3797,5,0.538599
3798,8,0.871399
3799,0,0.89997
3800,4,0.819957
3801,2,0.699042
3802,7,0.699965
3803,2,0.637638
3804,2,0.549946
3805,0,0.1
3806,2,0.699932
3807,5,0.849961
3808,8,0.81996
3809,8,0.785944
3810,5,0.559503
3811,9,0.549858
3812,8,0.58274
3813,2,0.549929
3814,2,0.553512
3815,0,0.930747
3816,0,0.1
3817,3,0.699986
3818,1,0.909979
3819,0,0.1
3820,0,0.1
3821,1,0.431161
3822,5,0.935698
3823,6,0.909967
3824,0,0.1
3825,8,0.592734
3826,6,0.471396
3827,1,0.525342
3828,9,0.495079
3829,4,0.81136
3830,8,0.887474
3831,9,0.560038
3832,1,0.54994
3833,1,0.699915
3834,8,0.774937
3835,8,0.509015
3836,5,0.774946
3837,4,0.590003
3838,8,0.89997
3839,5,0.679209
3840,3,0.871387
3841,4,0.74506
3842,2,0.943734
3843,4,0.939986
3844,0,0.287282
3845,9,0.467632
3846,0,0.665105
3847,1,0.699967
3848,5,0.918161
3849,5,0.887465
3850,4,0.783309
3851,7,0.513979
3852,5,0.570264
3853,5,0.966657
3854,0,0.513867
3855,0,0.774967
3856,0,0.603142
3857,5,0.849955
3858,8,0.648569
3859,5,0.7328
3860,0,0.605252
3861,4,0.924975
3862,2,0.549952
3863,5,0.715757
3864,0,0.918161
3865,6,0.494405
3866,7,0.844225
3867,6,0.939985
3868,6,0.436234
3869,0,0.509058
3870,9,0.849956
3871,9,0.473616
3872,0,0.382088
3873,5,0.774943
3874,8,0.834804
3875,1,0.918158
3876,5,0.671118
3877,7,0.340339
3878,5,0.786316
3879,1,0.849963
3880,7,0.749381
3881,4,0.819967
3882,5,0.819957
3883,8,0.539885
3884,3,0.774935
3885,7,0.91816
3886,7,0.774949
3887,5,0.774941
3888,5,0.549973
3889,5,0.549932
3890,5,0.513729
3891,7,0.871396
3892,5,0.495871
3893,7,0.871401
3894,6,0.849967
3895,7,0.470074
3896,9,0.774952
3897,0,0.699899
3898,5,0.476498
3899,1,0.7816
3900,4,0.849969
3901,5,0.899982
3902,1,0.487006
3903,5,0.754049
3904,9,0.909979
3905,9,0.909966
3906,4,0.819951
3907,3,0.718587
3908,5,0.849967
3909,0,0.69993
3910,4,0.688637
3911,8,0.819942
3912,5,0.871399
3913,7,0.774966
3914,9,0.849964
3915,0,0.44136
3916,7,0.774955
3917,8,0.599349
3918,6,0.69996
3919,3,0.549976
3920,0,0.569964
3921,9,0.935694
3922,5,0.860884
3923,5,0.599414
3924,3,0.549976
3925,4,0.952619
3926,9,0.690505
3927,6,0.545088
3928,1,0.887477
3929,9,0.549936
3930,0,0.699947
3931,1,0.819961
3932,5,0.76514
3933,5,0.871395
3934,9,0.947044
3935,5,0.774945
3936,0,0.84998
3937,8,0.887475
3938,4,0.699966
3939,6,0.699913
3940,0,0.819954
3941,5,0.70031
3942,5,0.909966
3943,3,0.699901
3944,3,0.774957
3945,1,0.557406
3946,6,0.849939
3947,8,0.983014
3948,9,0.849968
3949,6,0.871384
3950,8,0.502544
3951,5,0.50482
3952,2,0.54996
3953,4,0.705259
3954,5,0.935697
3955,4,0.54874
3956,5,0.899982
3957,1,0.542075
3958,1,0.492064
3959,0,0.1
3960,0,0.549884
3961,6,0.5868
3962,3,0.543475
3963,3,0.549988
3964,7,0.924981
3965,7,0.939989
3966,7,0.65894
3967,3,0.935692
3968,0,0.842013
3969,1,0.871398
3970,8,0.966657
3971,7,0.682757
3972,7,0.720059
3973,8,0.494275
3974,4,0.918156
3975,5,0.525282
3976,7,0.887475
3977,5,0.398453
3978,4,0.705689
3979,8,0.954988
3980,5,0.88747
3981,4,0.554041
3982,5,0.608181
3983,7,0.753916
3984,4,0.499212
3985,4,0.939982
3986,7,0.918159
3987,9,0.69994
3988,4,0.849953
3989,2,0.558888
3990,4,0.594306
3991,9,0.492283
3992,4,0.849965
3993,4,0.774969
3994,1,0.954988
3995,8,0.819961
3996,8,0.939982
3997,8,0.887469
3998,8,0.909976
3999,1,0.819966
4000,5,0.849963
4001,7,0.899972
4002,9,0.69992
4003,4,0.909983
4004,3,0.472571
4005,0,0.1
4006,2,0.549955
4007,3,0.53131
4008,2,0.774944
4009,4,0.686878
4010,8,0.549922
4011,8,0.899962
4012,3,0.45641
4013,3,0.9357
4014,3,0.549985
4015,4,0.602688
4016,8,0.909973
4017,1,0.899973
4018,5,0.887457
4019,1,0.774948
4020,7,0.774949
4021,1,0.918162
4022,1,0.871399
4023,3,0.639281
4024,8,0.579903
4025,8,0.849965
4026,8,0.549927
4027,3,0.549937
4028,3,0.819962
4029,6,0.819948
4030,7,0.849968
4031,0,0.899977
4032,4,0.81996
4033,5,0.629655
4034,4,0.69994
4035,2,0.549988
4036,6,0.849964
4037,6,0.899968
4038,1,0.699928
4039,7,0.435426
4040,6,0.615676
4041,4,0.774955
4042,8,0.774941
4043,7,0.699944
4044,5,0.960861
4045,6,0.909978
4046,5,0.771908
4047,5,0.827506
4048,5,0.503186
4049,3,0.549976
4050,5,0.640292
4051,8,0.509423
4052,5,0.708048
4053,8,0.699902
4054,8,0.918159
4055,1,0.849954
4056,2,0.549929
4057,5,0.671176
4058,5,0.799209
4059,4,0.750778
4060,3,0.935696
4061,8,0.662236
4062,0,0.517617
4063,5,0.339518
4064,5,0.631033
4065,5,0.699924
4066,4,0.819961
4067,1,0.887467
4068,8,0.909978
4069,6,0.629735
4070,5,0.77491
4071,5,0.909978
4072,0,0.640331
4073,3,0.528112
4074,1,0.774884
4075,3,0.589285
4076,2,0.924977
4077,3,0.909981
4078,8,0.47658
4079,5,0.581327
4080,1,0.549968
4081,7,0.909534
4082,3,0.81999
4083,9,0.84996
4084,0,0.633429
4085,0,0.973521
4086,1,0.516697
4087,8,0.817341
4088,3,0.774953
4089,9,0.774954
4090,6,0.774939
4091,1,0.489764
4092,2,0.960859
4093,2,0.887475
4094,0,0.774954
4095,9,0.871404
4096,5,0.819968
4097,8,0.540197
4098,8,0.699939
4099,0,0.492462
4100,9,0.699961
4101,8,0.774957
4102,0,0.899978
4103,0,0.954973
4104,1,0.774957
4105,2,0.849968
4106,4,0.871392
4107,9,0.682349
4108,9,0.539795
4109,8,0.525344
4110,0,0.736685
4111,8,0.391586
4112,6,0.521873
4113,5,0.909973
4114,4,0.930752
4115,6,0.835651
4116,6,0.69994
4117,2,0.954988
4118,7,0.584102
4119,8,0.871404
4120,0,0.1
4121,3,0.699947
4122,5,0.899971
4123,7,0.520829
4124,5,0.930753
4125,8,0.918158
4126,4,0.718851
4127,2,0.77495
4128,0,0.1
4129,5,0.687748
4130,5,0.537065
4131,4,0.949983
4132,3,0.733692
4133,3,0.954988
4134,6,0.742376
4135,3,0.4217
4136,6,0.947045
4137,5,0.899975
4138,7,0.507474
4139,8,0.503229
4140,8,0.819965
4141,1,0.871398
4142,1,0.849976
4143,6,0.918162
4144,6,0.408341
4145,5,0.924984
4146,5,0.699941
4147,2,0.549971
4148,2,0.930749
4149,7,0.819969
4150,7,0.871407
4151,1,0.887483
4152,6,0.852944
4153,8,0.871393
4154,5,0.699911
4155,5,0.549922
4156,8,0.774951
4157,6,0.93999
4158,6,0.949984
4159,9,0.849966
4160,4,0.819955
4161,1,0.454967
4162,6,0.918165
4163,8,0.69996
4164,8,0.450571
4165,3,0.909976
4166,0,0.1
4167,8,0.935699
4168,5,0.69996
4169,6,0.586762
4170,3,0.930752
4171,6,0.643473
4172,6,0.899974
4173,3,0.699961
4174,4,0.909985
4175,6,0.887467
4176,6,0.918155
4177,4,0.68808
4178,4,0.949988
4179,1,0.611464
4180,1,0.909978
4181,5,0.774955
4182,3,0.792229
4183,8,0.939984
4184,8,0.578867
4185,3,0.44552
4186,4,0.935693
4187,0,0.549985
4188,0,0.680837
4189,1,0.699934
4190,4,0.909977
4191,2,0.553507
4192,9,0.549849
4193,4,0.89998
4194,7,0.699931
4195,1,0.69998
4196,5,0.949985
4197,8,0.619
4198,7,0.924982
4199,6,0.6393
4200,6,0.628674
4201,5,0.572553
4202,7,0.549863
4203,7,0.849964
4204,1,0.807152
4205,1,0.455588
4206,0,0.899977
4207,2,0.465344
4208,5,0.484457
4209,5,0.924984
4210,5,0.78656
4211,3,0.887475
4212,5,0.699908
4213,2,0.518009
4214,6,0.819958
4215,1,0.774974
4216,2,0.699948
4217,1,0.930749
4218,2,0.871398
4219,1,0.849958
4220,5,0.930753
4221,0,0.1
4222,5,0.924979
4223,2,0.899979
4224,5,0.824733
4225,3,0.699936
4226,9,0.957132
4227,1,0.924979
4228,1,0.699947
4229,4,0.871401
4230,2,0.639258
4231,6,0.511854
4232,6,0.774949
4233,8,0.57052
4234,6,0.216152
4235,1,0.502754
4236,7,0.562037
4237,9,0.46075
4238,6,0.560618
4239,5,0.600856
4240,7,0.954987
4241,8,0.887475
4242,8,0.33945
4243,6,0.871399
4244,5,0.535487
4245,7,0.77495
4246,9,0.774971
4247,0,0.699948
4248,0,0.1
4249,8,0.692301
4250,3,0.549926
4251,8,0.819961
4252,1,0.849961
4253,7,0.871385
4254,4,0.939982
4255,8,0.699973
4256,1,0.939984
4257,2,0.774959
4258,7,0.930752
4259,1,0.935698
4260,8,0.673156
4261,2,0.597227
4262,0,0.549868
4263,2,0.62101
4264,5,0.819966
4265,4,0.899974
4266,9,0.924973
4267,6,0.640136
4268,0,0.1
4269,5,0.943735
4270,8,0.490293
4271,5,0.515533
4272,5,0.774951
4273,5,0.819961
4274,3,0.56674
4275,8,0.871402
4276,8,0.899984
4277,4,0.849967
4278,6,0.943735
4279,6,0.849954
4280,5,0.453701
4281,4,0.699977
4282,0,0.638931
4283,3,0.54683
4284,0,0.1
4285,4,0.959081
4286,3,0.774905
4287,0,0.817103
4288,0,0.815043
4289,8,0.871397
4290,2,0.849974
4291,2,0.899983
4292,0,0.909983
4293,7,0.774959
4294,7,0.758047
4295,2,0.774942
4296,4,0.607621
4297,4,0.584181
4298,8,0.957131
4299,8,0.549948
4300,5,0.706711
4301,4,0.909975
4302,1,0.704746
4303,8,0.509763
4304,4,0.859598
4305,3,0.819971
4306,2,0.887473
4307,1,0.887473
4308,0,0.1
4309,7,0.223541
4310,7,0.55129
4311,7,0.930753
4312,3,0.887472
4313,5,0.924987
4314,2,0.699936
4315,8,0.871398
4316,3,0.849981
4317,3,0.849981
4318,3,0.849981
4319,3,0.849981
4320,3,0.849981
4321,9,0.92498
4322,7,0.438349
4323,0,0.549976
4324,6,0.918157
4325,0,0.774951
4326,7,0.899975
4327,7,0.774956
4328,8,0.54989
4329,0,0.1
4330,8,0.545623
4331,8,0.549952
4332,5,0.549957
4333,8,0.939981
4334,5,0.65434
4335,8,0.849969
4336,3,0.489553
4337,8,0.480204
4338,2,0.924978
4339,5,0.871397
4340,1,0.89997
4341,9,0.637225
4342,8,0.77495
4343,9,0.871399
4344,8,0.463136
4345,1,0.819955
4346,9,0.480734
4347,4,0.887481
4348,9,0.909969
4349,1,0.887473
4350,8,0.871394
4351,8,0.774953
4352,5,0.943736
4353,4,0.818422
4354,8,0.645003
4355,5,0.490122
4356,9,0.809182
4357,8,0.887474
4358,8,0.36984
4359,4,0.909968
4360,5,0.871389
4361,0,0.549135
4362,9,0.565046
4363,8,0.634318
4364,9,0.887472
4365,5,0.411099
4366,3,0.899966
4367,7,0.47097
4368,0,0.774954
4369,5,0.918163
4370,0,0.549988
4371,8,0.849962
4372,6,0.37485
4373,4,0.95262
4374,0,0.819993
4375,3,0.69996
4376,5,0.774934
4377,1,0.774959
4378,5,0.549899
4379,0,0.88747
4380,5,0.899973
4381,0,0.1
4382,8,0.973522
4383,3,0.455971
4384,7,0.483862
4385,6,0.849964
4386,9,0.939984
4387,3,0.909968
4388,7,0.819969
4389,9,0.899979
4390,9,0.622741
4391,7,0.554443
4392,0,0.819948
4393,3,0.549976
4394,2,0.930748
4395,0,0.887492
4396,2,0.774952
4397,0,0.380182
4398,0,0.1
4399,8,0.6999
4400,9,0.395967
4401,9,0.774956
4402,0,0.699923
4403,6,0.718056
4404,1,0.527743
4405,0,0.1
4406,1,0.533524
4407,0,0.549849
4408,3,0.62208
4409,4,0.544702
4410,6,0.81996
4411,3,0.549946
4412,0,0.699952
4413,6,0.774903
4414,4,0.774957
4415,1,0.699961
4416,1,0.887474
4417,6,0.572944
4418,2,0.871394
4419,6,0.819955
4420,6,0.909973
4421,2,0.421159
4422,6,0.89998
4423,8,0.909971
4424,0,0.887492
4425,6,0.849973
4426,6,0.935703
4427,6,0.909967
4428,0,0.1
4429,8,0.819951
4430,1,0.81995
4431,4,0.899976
4432,0,0.699932
4433,8,0.909972
4434,9,0.871399
4435,0,0.624646
4436,8,0.887474
4437,9,0.962488
4438,1,0.774948
4439,4,0.939986
4440,1,0.819961
4441,4,0.909973
4442,9,0.887477
4443,6,0.819956
4444,2,0.924978
4445,8,0.963987
4446,0,0.887492
4447,4,0.69993
4448,1,0.502548
4449,1,0.909972
4450,1,0.887476
4451,7,0.774933
4452,8,0.69994
4453,0,0.1
4454,1,0.719422
4455,5,0.360121
4456,4,0.939984
4457,8,0.728313
4458,9,0.887465
4459,4,0.871396
4460,8,0.819952
4461,6,0.475238
4462,3,0.924982
4463,0,0.549884
4464,8,0.899976
4465,1,0.699947
4466,8,0.930753
4467,5,0.699917
4468,5,0.549902
4469,7,0.699944
4470,8,0.549969
4471,2,0.645599
4472,4,0.943737
4473,3,0.939987
4474,9,0.899972
4475,7,0.871413
4476,3,0.442502
4477,3,0.819948
4478,7,0.549925
4479,6,0.549955
4480,6,0.441783
4481,7,0.699955
4482,5,0.4627
4483,5,0.538202
4484,9,0.957133
4485,6,0.774962
4486,2,0.69995
4487,5,0.692862
4488,4,0.541243
4489,4,0.699948
4490,2,0.918161
4491,2,0.699958
4492,3,0.60719
4493,2,0.484851
4494,5,0.952619
4495,3,0.849971
4496,7,0.428417
4497,1,0.887465
4498,0,0.1
4499,6,0.647559
4500,0,0.774927
4501,6,0.82988
4502,5,0.909981
4503,0,0.1
4504,9,0.924977
4505,0,0.918159
4506,0,0.887493
4507,7,0.394262
4508,1,0.87139
4509,0,0.1
4510,4,0.774957
4511,3,0.655027
4512,3,0.699977
4513,9,0.54799
4514,3,0.918166
4515,5,0.935692
4516,0,0.77494
4517,5,0.774947
4518,2,0.774944
4519,8,0.54989
4520,5,0.699972
4521,8,0.77496
4522,3,0.819958
4523,8,0.517473
4524,7,0.774963
4525,6,0.774959
4526,7,0.871404
4527,3,0.849973
4528,6,0.909977
4529,3,0.549976
4530,5,0.457387
4531,0,0.56853
4532,0,0.924977
4533,0,0.774974
4534,6,0.797875
4535,0,0.648469
4536,4,0.909981
4537,1,0.495274
4538,0,0.887492
4539,9,0.774951
4540,0,0.774965
4541,9,0.954986
4542,0,0.774967
4543,9,0.699921
4544,7,0.973522
4545,1,0.909975
4546,1,0.481315
4547,7,0.899973
4548,7,0.549378
4549,4,0.819959
4550,9,0.620847
4551,5,0.774941
4552,5,0.849958
4553,4,0.699944
4554,4,0.66446
4555,5,0.699942
4556,4,0.871411
4557,4,0.849955
4558,6,0.66455
4559,4,0.549919
4560,4,0.808367
4561,9,0.819954
4562,6,0.774955
4563,0,0.406145
4564,9,0.51608
4565,9,0.722563
4566,6,0.899979
4567,0,0.695381
4568,1,0.509396
4569,6,0.973522
4570,2,0.930749
4571,8,0.69995
4572,4,0.709682
4573,6,0.871392
4574,9,0.849972
4575,6,0.531991
4576,4,0.557342
4577,5,0.871401
4578,4,0.819959
4579,7,0.583711
4580,5,0.819952
4581,5,0.549957
4582,5,0.411765
4583,5,0.521003
4584,3,0.724801
4585,3,0.453646
4586,7,0.612524
4587,7,0.774939
4588,4,0.549844
4589,1,0.540774
4590,7,0.81996
4591,5,0.887473
4592,6,0.774953
4593,0,0.1
4594,5,0.774928
4595,8,0.774938
4596,7,0.871404
4597,0,0.1
4598,4,0.491362
4599,8,0.354769
4600,1,0.641012
4601,3,0.699965
4602,7,0.666551
4603,0,0.887492
4604,0,0.1
4605,4,0.705991
4606,0,0.1
4607,2,0.774944
4608,2,0.699938
4609,9,0.560858
4610,7,0.97096
4611,4,0.81997
4612,7,0.422119
4613,4,0.861937
4614,8,0.478006
4615,0,0.1
4616,4,0.570402
4617,7,0.774945
4618,8,0.549948
4619,9,0.77494
4620,4,0.433887
4621,0,0.887492
4622,1,0.610219
4623,4,0.584635
4624,0,0.548496
4625,8,0.549953
4626,4,0.682569
4627,5,0.974993
4628,0,0.596713
4629,8,0.699978
4630,2,0.954986
4631,0,0.954989
4632,2,0.89998
4633,2,0.935699
4634,1,0.54994
4635,9,0.549963
4636,0,0.1
4637,2,0.581349
4638,1,0.924985
4639,4,0.957133
4640,4,0.887473
4641,0,0.1
4642,9,0.939986
4643,4,0.849972
4644,2,0.982686
4645,2,0.819944
4646,2,0.485594
4647,2,0.899977
4648,1,0.482557
4649,0,0.725632
4650,5,0.558822
4651,0,0.549986
4652,5,0.549945
4653,3,0.822453
4654,0,0.887493
4655,1,0.88747
4656,6,0.449662
4657,8,0.549946
4658,4,0.939982
4659,8,0.534756
4660,6,0.333797
4661,7,0.431778
4662,2,0.774939
4663,7,0.81997
4664,0,0.871388
4665,6,0.73489
4666,9,0.699957
4667,2,0.774975
4668,6,0.706405
4669,1,0.753907
4670,4,0.699926
4671,8,0.8714
4672,4,0.549928
4673,7,0.553932
4674,1,0.636417
4675,6,0.657659
4676,0,0.686661
4677,0,0.1
4678,0,0.809306
4679,4,0.642251
4680,0,0.1
4681,5,0.971868
4682,4,0.549931
4683,4,0.774923
4684,8,0.87139
4685,4,0.81998
4686,5,0.699939
4687,8,0.943733
4688,4,0.887473
4689,1,0.887473
4690,6,0.871394
4691,3,0.549976
4692,4,0.909977
4693,6,0.549205
4694,0,0.549986
4695,3,0.81993
4696,1,0.57175
4697,3,0.622613
4698,0,0.549883
4699,3,0.918164
4700,0,0.1
4701,5,0.861635
4702,2,0.89997
4703,2,0.533577
4704,1,0.825515
4705,1,0.848596
4706,0,0.549985
4707,9,0.871401
4708,8,0.504766
4709,2,0.699941
4710,9,0.549983
4711,9,0.952618
4712,1,0.549953
4713,5,0.549929
4714,1,0.959081
4715,3,0.55255
4716,4,0.476206
4717,7,0.695463
4718,9,0.871392
4719,5,0.849967
4720,7,0.849961
4721,4,0.549922
4722,0,0.84996
4723,4,0.699947
4724,9,0.583991
4725,5,0.849968
4726,7,0.699956
4727,9,0.606175
4728,3,0.699958
4729,5,0.909985
4730,3,0.8714
4731,5,0.384833
4732,5,0.516873
4733,0,0.1
4734,9,0.497457
4735,0,0.1
4736,0,0.774937
4737,3,0.909981
4738,1,0.481674
4739,8,0.91816
4740,3,0.887476
4741,9,0.819972
4742,4,0.411416
4743,4,0.699929
4744,8,0.918159
4745,2,0.774937
4746,4,0.966658
4747,2,0.774953
4748,0,0.849969
4749,5,0.658712
4750,2,0.549928
4751,0,0.541338
4752,8,0.81995
4753,0,0.1
4754,4,0.699922
4755,9,0.774952
4756,3,0.570798
4757,5,0.887472
4758,4,0.909984
4759,8,0.54989
4760,9,0.530739
4761,7,0.634269
4762,0,0.549985
4763,9,0.748171
4764,5,0.871396
4765,5,0.58384
4766,5,0.909984
4767,0,0.1
4768,3,0.699943
4769,0,0.549883
4770,4,0.578419
4771,1,0.718171
4772,1,0.701266
4773,9,0.496133
4774,8,0.96399
4775,1,0.336922
4776,7,0.361203
4777,5,0.819956
4778,6,0.607191
4779,1,0.502814
4780,5,0.728836
4781,0,0.725114
4782,6,0.849963
4783,4,0.819954
4784,8,0.54989
4785,4,0.430105
4786,4,0.774953
4787,4,0.560499
4788,3,0.549928
4789,4,0.435709
4790,3,0.53223
4791,5,0.337521
4792,9,0.565893
4793,7,0.943733
4794,3,0.819962
4795,5,0.848739
4796,9,0.64125
4797,5,0.353957
4798,5,0.774946
4799,5,0.918162
4800,5,0.819956
4801,6,0.549963
4802,6,0.751808
4803,7,0.909977
4804,5,0.549933
4805,1,0.699882
4806,4,0.8714
4807,8,0.899978
4808,5,0.549973
4809,3,0.549972
4810,0,0.849973
4811,1,0.549974
4812,5,0.819962
4813,2,0.632169
4814,6,0.774934
4815,1,0.87139
4816,7,0.930751
4817,8,0.591974
4818,5,0.685589
4819,3,0.492973
4820,5,0.967849
4821,6,0.818969
4822,6,0.899972
4823,5,0.899977
4824,5,0.962489
4825,4,0.731589
4826,4,0.542119
4827,6,0.773689
4828,8,0.909977
4829,2,0.819955
4830,5,0.949986
4831,0,0.930747
4832,5,0.899976
4833,7,0.646844
4834,8,0.598652
4835,5,0.887475
4836,6,0.774936
4837,9,0.527619
4838,6,0.819932
4839,8,0.871393
4840,7,0.42403
4841,0,0.957131
4842,5,0.56098
4843,0,0.1
4844,0,0.1
4845,6,0.930744
4846,1,0.909977
4847,6,0.635524
4848,9,0.924979
4849,0,0.1
4850,9,0.472656
4851,7,0.871389
4852,0,0.1
4853,7,0.819965
4854,8,0.467402
4855,8,0.467065
4856,5,0.774946
4857,8,0.549955
4858,5,0.871392
4859,5,0.620155
4860,8,0.88747
4861,2,0.849969
4862,6,0.528323
4863,0,0.57656
4864,6,0.887481
4865,6,0.918162
4866,8,0.774954
4867,0,0.849983
4868,0,0.924983
4869,1,0.699937
4870,9,0.670692
4871,0,0.763763
4872,1,0.77496
4873,7,0.924984
4874,7,0.918159
4875,5,0.700234
4876,9,0.930756
4877,0,0.68972
4878,0,0.626614
4879,0,0.515559
4880,3,0.549976
4881,2,0.410135
4882,9,0.671102
4883,5,0.404507
4884,8,0.952619
4885,6,0.746402
4886,6,0.696875
4887,7,0.57812
4888,8,0.54989
4889,3,0.819933
4890,5,0.774948
4891,3,0.871388
4892,1,0.871408
4893,3,0.774975
4894,1,0.924979
4895,8,0.549948
4896,4,0.774957
4897,0,0.1
4898,7,0.433241
4899,4,0.93075
4900,0,0.699942
4901,1,0.871387
4902,2,0.530916
4903,4,0.959082
4904,5,0.930753
4905,5,0.549975
4906,2,0.450876
4907,9,0.819968
4908,0,0.1
4909,2,0.819959
4910,3,0.420622
4911,4,0.943734
4912,4,0.443102
4913,9,0.918157
4914,4,0.577078
4915,2,0.849953
4916,8,0.577213
4917,5,0.475463
4918,7,0.871401
4919,7,0.909977
4920,7,0.624172
4921,4,0.627357
4922,7,0.930745
4923,9,0.499974
4924,4,0.496912
4925,8,0.887468
4926,4,0.4791
4927,5,0.423387
4928,5,0.699905
4929,4,0.529126
4930,7,0.819968
4931,0,0.887492
4932,0,0.528479
4933,2,0.54987
4934,0,0.632981
4935,9,0.819932
4936,6,0.899979
4937,6,0.909988
4938,6,0.40599
4939,6,0.887478
4940,5,0.871394
4941,6,0.541362
4942,7,0.664869
4943,8,0.697042
4944,4,0.887467
4945,9,0.720563
4946,0,0.819993
4947,6,0.899979
4948,8,0.849963
4949,5,0.429199
4950,5,0.544002
4951,4,0.774929
4952,8,0.819975
4953,7,0.954987
4954,4,0.519658
4955,3,0.689831
4956,4,0.909972
4957,9,0.479239
4958,1,0.947046
4959,7,0.84996
4960,0,0.819975
4961,1,0.930752
4962,1,0.930752
4963,8,0.68092
4964,6,0.6288
4965,9,0.549988
4966,5,0.54997
4967,8,0.54989
4968,6,0.549961
4969,9,0.549943
4970,4,0.54988
4971,0,0.1
4972,1,0.849972
4973,1,0.549963
4974,7,0.849968
4975,5,0.699906
4976,3,0.699914
4977,1,0.819966
4978,7,0.849953
4979,8,0.849977
4980,1,0.887466
4981,5,0.981628
4982,1,0.63184
4983,5,0.952619
4984,4,0.899974
4985,8,0.595402
4986,5,0.909982
4987,7,0.596234
4988,2,0.871383
4989,9,0.653559
4990,3,0.54999
4991,1,0.549965
4992,6,0.513398
4993,0,0.1
4994,7,0.699965
4995,7,0.448155
4996,8,0.819969
4997,8,0.503531
4998,7,0.887479
4999,0,0.699964
5000,0,0.1
5001,7,0.909978
5002,8,0.69994
5003,1,0.549961
5004,0,0.1
5005,5,0.701689
5006,5,0.699941
5007,2,0.849959
5008,7,0.814906
5009,4,0.520372
5010,4,0.539733
5011,5,0.924981
5012,4,0.819944
5013,4,0.644111
5014,9,0.412454
5015,2,0.924981
5016,0,0.525702
5017,0,0.844997
5018,0,0.716689
5019,4,0.909977
5020,7,0.947042
5021,0,0.1
5022,9,0.634371
5023,5,0.96086
5024,3,0.701077
5025,7,0.54994
5026,2,0.849966
5027,5,0.871397
5028,4,0.909972
5029,0,0.1
5030,2,0.484028
5031,3,0.69996
5032,3,0.8714
5033,2,0.549926
5034,8,0.774954
5035,2,0.339199
5036,0,0.819973
5037,0,0.549986
5038,1,0.549983
5039,0,0.1
5040,0,0.1
5041,2,0.699961
5042,6,0.871413
5043,0,0.1
5044,0,0.849969
5045,7,0.699965
5046,0,0.552692
5047,5,0.653826
5048,8,0.521546
5049,7,0.871404
5050,3,0.549976
5051,8,0.742198
5052,3,0.887471
5053,0,0.1
5054,4,0.549908
5055,6,0.657868
5056,4,0.525673
5057,0,0.935696
5058,8,0.549948
5059,9,0.819955
5060,8,0.549947
5061,4,0.924979
5062,0,0.645948
5063,6,0.819954
5064,0,0.871397
5065,6,0.932319
5066,7,0.734804
5067,4,0.819962
5068,5,0.871399
5069,7,0.93999
5070,0,0.949987
5071,6,0.559556
5072,4,0.819959
5073,0,0.849966
5074,0,0.699952
5075,0,0.423091
5076,0,0.699949
5077,0,0.887474
5078,8,0.819956
5079,9,0.436571
5080,5,0.819972
5081,5,0.774967
5082,3,0.930748
5083,8,0.687865
5084,7,0.96249
5085,5,0.918159
5086,4,0.887467
5087,7,0.593626
5088,4,0.463932
5089,4,0.728333
5090,3,0.482504
5091,4,0.774958
5092,7,0.70993
5093,7,0.924984
5094,5,0.887471
5095,4,0.549922
5096,5,0.952619
5097,8,0.918157
5098,1,0.774964
5099,0,0.1
5100,9,0.939983
5101,4,0.731726
5102,3,0.549934
5103,7,0.846584
5104,8,0.924979
5105,5,0.690167
5106,4,0.699953
5107,1,0.699964
5108,1,0.819959
5109,5,0.699964
5110,2,0.849964
5111,7,0.819969
5112,4,0.849961
5113,6,0.699979
5114,4,0.819972
5115,8,0.699917
5116,8,0.549868
5117,2,0.909981
5118,8,0.549981
5119,9,0.935699
5120,8,0.587179
5121,9,0.549944
5122,8,0.797358
5123,9,0.887477
5124,4,0.954988
5125,5,0.84524
5126,3,0.871387
5127,7,0.930749
5128,1,0.699956
5129,5,0.699971
5130,6,0.849973
5131,5,0.549933
5132,4,0.668961
5133,5,0.549897
5134,4,0.819963
5135,3,0.909976
5136,3,0.77496
5137,6,0.819961
5138,7,0.918158
5139,3,0.774971
5140,7,0.392245
5141,4,0.549929
5142,7,0.943733
5143,9,0.549964
5144,1,0.909978
5145,3,0.774942
5146,6,0.918165
5147,0,0.549986
5148,5,0.496386
5149,8,0.849952
5150,5,0.909987
5151,5,0.70079
5152,8,0.871401
5153,0,0.699909
5154,8,0.819976
5155,0,0.8714
5156,0,0.930747
5157,0,0.665081
5158,7,0.918165
5159,8,0.699974
5160,0,0.887468
5161,1,0.77494
5162,6,0.871394
5163,8,0.887482
5164,5,0.549982
5165,6,0.899967
5166,8,0.699955
5167,2,0.774942
5168,0,0.760702
5169,4,0.909979
5170,6,0.899969
5171,6,0.695126
5172,2,0.930749
5173,2,0.348607
5174,2,0.887469
5175,8,0.699937
5176,7,0.553408
5177,5,0.871402
5178,4,0.871395
5179,2,0.819972
5180,6,0.400937
5181,2,0.655614
5182,7,0.699945
5183,8,0.699966
5184,2,0.871398
5185,2,0.8714
5186,2,0.771837
5187,2,0.930753
5188,0,0.766925
5189,4,0.789176
5190,7,0.84996
5191,4,0.918158
5192,9,0.518838
5193,0,0.819956
5194,2,0.774949
5195,6,0.693597
5196,5,0.774969
5197,9,0.774951
5198,7,0.451257
5199,7,0.871396
5200,4,0.899976
5201,5,0.924978
5202,4,0.514116
5203,4,0.774927
5204,0,0.699932
5205,0,0.871397
5206,7,0.549984
5207,0,0.72121
5208,5,0.899975
5209,6,0.69995
5210,8,0.899978
5211,9,0.652907
5212,7,0.939986
5213,0,0.887469
5214,3,0.549975
5215,3,0.885065
5216,4,0.551065
5217,0,0.549884
5218,0,0.818592
5219,0,0.819928
5220,8,0.871403
5221,7,0.763827
5222,9,0.534379
5223,2,0.849984
5224,8,0.939982
5225,7,0.643923
5226,1,0.918162
5227,9,0.94704
5228,3,0.549975
5229,7,0.949982
5230,9,0.819953
5231,6,0.563842
5232,0,0.819993
5233,7,0.442862
5234,1,0.849968
5235,7,0.472055
5236,5,0.624128
5237,5,0.605548
5238,7,0.939987
5239,5,0.604755
5240,3,0.909968
5241,4,0.819941
5242,5,0.943737
5243,4,0.47864
5244,5,0.591918
5245,5,0.54995
5246,3,0.549971
5247,5,0.819968
5248,5,0.626535
5249,5,0.77489
5250,6,0.871393
5251,5,0.969994
5252,7,0.899973
5253,8,0.692507
5254,5,0.699975
5255,7,0.849951
5256,2,0.774961
5257,8,0.774981
5258,6,0.935696
5259,4,0.542399
5260,4,0.81998
5261,4,0.688241
5262,3,0.58431
5263,8,0.554104
5264,3,0.774985
5265,4,0.620182
5266,4,0.8714
5267,5,0.699976
5268,3,0.699881
5269,3,0.699984
5270,8,0.51228
5271,7,0.549947
5272,5,0.8219
5273,7,0.575822
5274,7,0.592964
5275,8,0.605912
5276,5,0.69994
5277,0,0.634179
5278,8,0.81996
5279,3,0.774951
5280,5,0.73241
5281,5,0.871398
5282,3,0.549975
5283,7,0.583789
5284,3,0.837682
5285,6,0.77494
5286,5,0.887467
5287,7,0.419345
5288,3,0.849972
5289,9,0.693088
5290,8,0.378274
5291,9,0.774954
5292,3,0.819968
5293,2,0.774941
5294,8,0.634736
5295,6,0.930753
5296,9,0.84997
5297,8,0.699949
5298,3,0.549976
5299,3,0.918158
5300,8,0.871402
5301,9,0.924981
5302,7,0.38388
5303,7,0.774931
5304,9,0.947045
5305,0,0.503848
5306,9,0.871393
5307,4,0.440151
5308,8,0.549937
5309,5,0.849966
5310,9,0.899973
5311,8,0.699919
5312,2,0.899975
5313,8,0.949987
5314,0,0.819965
5315,6,0.36772
5316,5,0.774946
5317,0,0.761742
5318,2,0.839176
5319,5,0.699955
5320,6,0.819961
5321,3,0.549901
5322,0,0.1
5323,2,0.481805
5324,7,0.610233
5325,0,0.849952
5326,7,0.56951
5327,7,0.899972
5328,3,0.549976
5329,5,0.678669
5330,5,0.465531
5331,5,0.552303
5332,9,0.924981
5333,0,0.819959
5334,0,0.81997
5335,6,0.819965
5336,9,0.459642
5337,0,0.939983
5338,9,0.899976
5339,6,0.651587
5340,7,0.763928
5341,9,0.95908
5342,4,0.871391
5343,8,0.871399
5344,0,0.593861
5345,1,0.587231
5346,6,0.966657
5347,7,0.699955
5348,0,0.475026
5349,6,0.774954
5350,8,0.909979
5351,2,0.774962
5352,2,0.774961
5353,2,0.549976
5354,0,0.1
5355,1,0.871406
5356,7,0.694151
5357,4,0.935698
5358,9,0.626424
5359,7,0.909965
5360,7,0.93075
5361,2,0.366104
5362,3,0.935698
5363,9,0.871395
5364,7,0.85815
5365,7,0.979063
5366,1,0.774977
5367,1,0.849963
5368,7,0.472371
5369,5,0.943739
5370,8,0.566544
5371,0,0.935699
5372,7,0.871398
5373,1,0.849977
5374,8,0.699962
5375,1,0.849969
5376,1,0.849976
5377,8,0.549948
5378,1,0.899973
5379,6,0.935698
5380,8,0.947048
5381,5,0.444641
5382,7,0.595368
5383,4,0.909973
5384,7,0.909501
5385,3,0.362934
5386,4,0.774956
5387,1,0.90997
5388,1,0.774945
5389,0,0.480649
5390,9,0.935703
5391,4,0.712652
5392,3,0.849973
5393,8,0.605383
5394,0,0.1
5395,6,0.534636
5396,8,0.774933
5397,8,0.774931
5398,9,0.819964
5399,0,0.1
5400,1,0.819954
5401,0,0.699958
5402,3,0.539256
5403,8,0.930747
5404,8,0.849962
5405,6,0.601915
5406,5,0.774937
5407,9,0.871394
5408,4,0.319133
5409,7,0.943737
5410,3,0.899972
5411,4,0.774926
5412,4,0.924984
5413,8,0.930745
5414,8,0.47111
5415,1,0.819964
5416,7,0.447985
5417,1,0.665625
5418,7,0.511998
5419,7,0.774968
5420,6,0.699962
5421,6,0.935697
5422,7,0.84996
5423,3,0.819959
5424,8,0.899975
5425,7,0.871402
5426,7,0.663452
5427,4,0.918161
5428,1,0.561861
5429,9,0.39569
5430,3,0.774958
5431,0,0.918161
5432,8,0.820545
5433,2,0.632334
5434,5,0.398441
5435,0,0.774956
5436,8,0.774947
5437,5,0.406629
5438,0,0.887492
5439,0,0.502953
5440,3,0.849943
5441,7,0.849966
5442,6,0.943735
5443,0,0.930758
5444,0,0.887465
5445,8,0.849972
5446,0,0.374219
5447,8,0.819951
5448,6,0.887469
5449,5,0.549868
5450,7,0.957128
5451,7,0.91816
5452,1,0.546415
5453,0,0.75703
5454,2,0.783764
5455,0,0.899975
5456,8,0.699903
5457,5,0.89997
5458,8,0.849977
5459,9,0.549973
5460,4,0.909979
5461,7,0.699968
5462,0,0.45938
5463,3,0.891346
5464,1,0.899978
5465,1,0.774959
5466,8,0.819946
5467,8,0.845687
5468,0,0.899948
5469,0,0.646708
5470,7,0.774973
5471,0,0.1
5472,8,0.918156
5473,8,0.540843
5474,5,0.959078
5475,0,0.1
5476,8,0.871393
5477,2,0.493931
5478,1,0.719686
5479,8,0.935697
5480,8,0.79447
5481,0,0.1
5482,1,0.714281
5483,7,0.849961
5484,0,0.491886
5485,7,0.849964
5486,8,0.615253
5487,1,0.688922
5488,1,0.876603
5489,1,0.878048
5490,1,0.819945
5491,1,0.959079
5492,4,0.726574
5493,5,0.588242
5494,3,0.699906
5495,4,0.774952
5496,9,0.849946
5497,9,0.774969
5498,0,0.1
5499,7,0.774937
5500,3,0.819962
5501,0,0.293982
5502,1,0.699967
5503,0,0.1
5504,9,0.819942
5505,9,0.746886
5506,1,0.909982
5507,0,0.40483
5508,6,0.849963
5509,5,0.549988
5510,0,0.606521
5511,1,0.523963
5512,0,0.351041
5513,8,0.51998
5514,6,0.541336
5515,0,0.887472
5516,3,0.699936
5517,9,0.488493
5518,5,0.591497
5519,0,0.538757
5520,8,0.698594
5521,6,0.491333
5522,3,0.505108
5523,2,0.712517
5524,2,0.918162
5525,7,0.549961
5526,0,0.473732
5527,0,0.81996
5528,7,0.549972
5529,5,0.549885
5530,2,0.95908
5531,5,0.423921
5532,9,0.947045
5533,8,0.502077
5534,5,0.451737
5535,9,0.930749
5536,0,0.887493
5537,1,0.549966
5538,4,0.774921
5539,7,0.580777
5540,0,0.472768
5541,5,0.819962
5542,1,0.699934
5543,6,0.699955
5544,0,0.819938
5545,7,0.849963
5546,2,0.549913
5547,7,0.811165
5548,2,0.849961
5549,8,0.774945
5550,3,0.549925
5551,4,0.577283
5552,4,0.963989
5553,5,0.423756
5554,4,0.790884
5555,4,0.566408
5556,8,0.899969
5557,7,0.512317
5558,4,0.726923
5559,6,0.457213
5560,4,0.935696
